verbo,rota,arquivo,linha,controller,guards,permissoes,recurso,cenario_executado,status_http,evidencia,regra_negocio_por_rota,id_achado
POST,/v1/admin/signup,apps/api/src/admin/admin.controller.ts,124,StaffAuthController,,,,Sem parâmetros/payload mínimo; saúde e catálogo público permitem leitura,400,EVIDENCIAS_PRE_GO_LIVE/rotas-publicas.csv,Não inferir cobertura de fluxo a partir desta sonda; suites de domínio/API reportadas separadamente,
POST,/v1/admin/login,apps/api/src/admin/admin.controller.ts,177,StaffAuthController,,,,Sem parâmetros/payload mínimo; saúde e catálogo público permitem leitura,400,EVIDENCIAS_PRE_GO_LIVE/rotas-publicas.csv,Não inferir cobertura de fluxo a partir desta sonda; suites de domínio/API reportadas separadamente,
POST,/v1/admin/logout,apps/api/src/admin/admin.controller.ts,244,OnboardingController,StaffGuard;PermissaoGuard,,,Sem credencial,401,EVIDENCIAS_PRE_GO_LIVE/rotas-anonimas.csv,Não inferir cobertura de fluxo a partir desta sonda; suites de domínio/API reportadas separadamente,
GET,/v1/admin/state,apps/api/src/admin/admin.controller.ts,251,OnboardingController,StaffGuard;PermissaoGuard,'appointments.view',,Sem credencial,401,EVIDENCIAS_PRE_GO_LIVE/rotas-anonimas.csv,Não inferir cobertura de fluxo a partir desta sonda; suites de domínio/API reportadas separadamente,
GET,/v1/admin/templates,apps/api/src/admin/admin.controller.ts,334,OnboardingController,StaffGuard;PermissaoGuard,'settings.manage',,Sem credencial,401,EVIDENCIAS_PRE_GO_LIVE/rotas-anonimas.csv,Não inferir cobertura de fluxo a partir desta sonda; suites de domínio/API reportadas separadamente,
PUT,/v1/admin/business,apps/api/src/admin/admin.controller.ts,340,OnboardingController,StaffGuard;PermissaoGuard,'settings.manage',,Sem credencial,401,EVIDENCIAS_PRE_GO_LIVE/rotas-anonimas.csv,Não inferir cobertura de fluxo a partir desta sonda; suites de domínio/API reportadas separadamente,
PUT,/v1/admin/services,apps/api/src/admin/admin.controller.ts,371,OnboardingController,StaffGuard;PermissaoGuard,'settings.manage',,Sem credencial,401,EVIDENCIAS_PRE_GO_LIVE/rotas-anonimas.csv,Não inferir cobertura de fluxo a partir desta sonda; suites de domínio/API reportadas separadamente,
PUT,/v1/admin/professionals,apps/api/src/admin/admin.controller.ts,384,OnboardingController,StaffGuard;PermissaoGuard,'settings.manage',,Sem credencial,401,EVIDENCIAS_PRE_GO_LIVE/rotas-anonimas.csv,Não inferir cobertura de fluxo a partir desta sonda; suites de domínio/API reportadas separadamente,
PUT,/v1/admin/payments,apps/api/src/admin/admin.controller.ts,401,OnboardingController,StaffGuard;PermissaoGuard,'settings.manage',,Sem credencial,401,EVIDENCIAS_PRE_GO_LIVE/rotas-anonimas.csv,Não inferir cobertura de fluxo a partir desta sonda; suites de domínio/API reportadas separadamente,
GET,/v1/admin/vitrine,apps/api/src/admin/admin.controller.ts,420,OnboardingController,StaffGuard;PermissaoGuard,'settings.manage',,Sem credencial,401,EVIDENCIAS_PRE_GO_LIVE/rotas-anonimas.csv,Não inferir cobertura de fluxo a partir desta sonda; suites de domínio/API reportadas separadamente,
PUT,/v1/admin/vitrine,apps/api/src/admin/admin.controller.ts,426,OnboardingController,StaffGuard;PermissaoGuard,'settings.manage',,Sem credencial,401,EVIDENCIAS_PRE_GO_LIVE/rotas-anonimas.csv,Não inferir cobertura de fluxo a partir desta sonda; suites de domínio/API reportadas separadamente,
POST,/v1/admin/publish,apps/api/src/admin/admin.controller.ts,436,OnboardingController,StaffGuard;PermissaoGuard,'settings.manage',,Sem credencial,401,EVIDENCIAS_PRE_GO_LIVE/rotas-anonimas.csv,Não inferir cobertura de fluxo a partir desta sonda; suites de domínio/API reportadas separadamente,
GET,/v1/admin/photos,apps/api/src/admin/admin.controller.ts,463,OnboardingController,StaffGuard;PermissaoGuard,'settings.manage',,Sem credencial,401,EVIDENCIAS_PRE_GO_LIVE/rotas-anonimas.csv,Não inferir cobertura de fluxo a partir desta sonda; suites de domínio/API reportadas separadamente,
POST,/v1/admin/photos/upload,apps/api/src/admin/admin.controller.ts,480,OnboardingController,StaffGuard;PermissaoGuard,'settings.manage',,Sem credencial,401,EVIDENCIAS_PRE_GO_LIVE/rotas-anonimas.csv,Não inferir cobertura de fluxo a partir desta sonda; suites de domínio/API reportadas separadamente,
DELETE,/v1/admin/photos/upload,apps/api/src/admin/admin.controller.ts,561,OnboardingController,StaffGuard;PermissaoGuard,'settings.manage',,Sem credencial,401,EVIDENCIAS_PRE_GO_LIVE/rotas-anonimas.csv,Não inferir cobertura de fluxo a partir desta sonda; suites de domínio/API reportadas separadamente,
PUT,/v1/admin/photos,apps/api/src/admin/admin.controller.ts,615,OnboardingController,StaffGuard;PermissaoGuard,'settings.manage',,Sem credencial,401,EVIDENCIAS_PRE_GO_LIVE/rotas-anonimas.csv,Não inferir cobertura de fluxo a partir desta sonda; suites de domínio/API reportadas separadamente,
GET,/v1/admin/policies,apps/api/src/admin/admin.controller.ts,665,OnboardingController,StaffGuard;PermissaoGuard,'settings.manage',,Sem credencial,401,EVIDENCIAS_PRE_GO_LIVE/rotas-anonimas.csv,Não inferir cobertura de fluxo a partir desta sonda; suites de domínio/API reportadas separadamente,
PUT,/v1/admin/change-window,apps/api/src/admin/admin.controller.ts,674,OnboardingController,StaffGuard;PermissaoGuard,'settings.manage',,Sem credencial,401,EVIDENCIAS_PRE_GO_LIVE/rotas-anonimas.csv,Não inferir cobertura de fluxo a partir desta sonda; suites de domínio/API reportadas separadamente,
GET,/v1/admin/recusas-online,apps/api/src/admin/admin.controller.ts,694,OnboardingController,StaffGuard;PermissaoGuard,'appointments.view';'customers.view',,Sem credencial,401,EVIDENCIAS_PRE_GO_LIVE/rotas-anonimas.csv,Não inferir cobertura de fluxo a partir desta sonda; suites de domínio/API reportadas separadamente,
GET,/v1/admin/agenda/espera,apps/api/src/admin/agenda.controller.ts,141,AgendaController,StaffGuard;PermissaoGuard,'appointments.view';'customers.view',,Sem credencial,401,EVIDENCIAS_PRE_GO_LIVE/rotas-anonimas.csv,Não inferir cobertura de fluxo a partir desta sonda; suites de domínio/API reportadas separadamente,
DELETE,/v1/admin/agenda/espera/:id,apps/api/src/admin/agenda.controller.ts,167,AgendaController,StaffGuard;PermissaoGuard,'appointments.cancel',,Sem credencial,401,EVIDENCIAS_PRE_GO_LIVE/rotas-anonimas.csv,Não inferir cobertura de fluxo a partir desta sonda; suites de domínio/API reportadas separadamente,
GET,/v1/admin/agenda,apps/api/src/admin/agenda.controller.ts,182,AgendaController,StaffGuard;PermissaoGuard,'appointments.view',,Sem credencial,401,EVIDENCIAS_PRE_GO_LIVE/rotas-anonimas.csv,Não inferir cobertura de fluxo a partir desta sonda; suites de domínio/API reportadas separadamente,
POST,/v1/admin/agenda/blocks,apps/api/src/admin/agenda.controller.ts,229,AgendaController,StaffGuard;PermissaoGuard,'appointments.create',,Sem credencial,401,EVIDENCIAS_PRE_GO_LIVE/rotas-anonimas.csv,Não inferir cobertura de fluxo a partir desta sonda; suites de domínio/API reportadas separadamente,
POST,/v1/admin/agenda/exceptions,apps/api/src/admin/agenda.controller.ts,284,AgendaController,StaffGuard;PermissaoGuard,'settings.manage',,Sem credencial,401,EVIDENCIAS_PRE_GO_LIVE/rotas-anonimas.csv,Não inferir cobertura de fluxo a partir desta sonda; suites de domínio/API reportadas separadamente,
DELETE,/v1/admin/agenda/exceptions/:id,apps/api/src/admin/agenda.controller.ts,338,AgendaController,StaffGuard;PermissaoGuard,'appointments.create',,Sem credencial,401,EVIDENCIAS_PRE_GO_LIVE/rotas-anonimas.csv,Não inferir cobertura de fluxo a partir desta sonda; suites de domínio/API reportadas separadamente,
POST,/v1/admin/agenda/appointments/:id/move,apps/api/src/admin/agenda.controller.ts,375,AgendaController,StaffGuard;PermissaoGuard,'appointments.reschedule',,Sem credencial,401,EVIDENCIAS_PRE_GO_LIVE/rotas-anonimas.csv,Não inferir cobertura de fluxo a partir desta sonda; suites de domínio/API reportadas separadamente,
GET,/v1/admin/alertas/preferencias,apps/api/src/admin/alertas.controller.ts,33,AlertasController,StaffGuard;PermissaoGuard,'settings.manage',,Sem credencial,401,EVIDENCIAS_PRE_GO_LIVE/rotas-anonimas.csv,Não inferir cobertura de fluxo a partir desta sonda; suites de domínio/API reportadas separadamente,
PUT,/v1/admin/alertas/preferencias,apps/api/src/admin/alertas.controller.ts,39,AlertasController,StaffGuard;PermissaoGuard,'settings.manage',,Sem credencial,401,EVIDENCIAS_PRE_GO_LIVE/rotas-anonimas.csv,Não inferir cobertura de fluxo a partir desta sonda; suites de domínio/API reportadas separadamente,
GET,/v1/admin/clube/planos,apps/api/src/admin/assinatura.controller.ts,128,AssinaturaController,StaffGuard;PermissaoGuard,'appointments.view',,Sem credencial,401,EVIDENCIAS_PRE_GO_LIVE/rotas-anonimas.csv,Não inferir cobertura de fluxo a partir desta sonda; suites de domínio/API reportadas separadamente,
GET,/v1/admin/clube/planos/contados,apps/api/src/admin/assinatura.controller.ts,135,AssinaturaController,StaffGuard;PermissaoGuard,'finance.view';'finance.subscription_manage',,Sem credencial,401,EVIDENCIAS_PRE_GO_LIVE/rotas-anonimas.csv,Não inferir cobertura de fluxo a partir desta sonda; suites de domínio/API reportadas separadamente,
PUT,/v1/admin/clube/planos,apps/api/src/admin/assinatura.controller.ts,141,AssinaturaController,StaffGuard;PermissaoGuard,'finance.subscription_manage',,Sem credencial,401,EVIDENCIAS_PRE_GO_LIVE/rotas-anonimas.csv,Não inferir cobertura de fluxo a partir desta sonda; suites de domínio/API reportadas separadamente,
PUT,/v1/admin/clube/planos/:id,apps/api/src/admin/assinatura.controller.ts,168,AssinaturaController,StaffGuard;PermissaoGuard,'finance.subscription_manage',,Sem credencial,401,EVIDENCIAS_PRE_GO_LIVE/rotas-anonimas.csv,Não inferir cobertura de fluxo a partir desta sonda; suites de domínio/API reportadas separadamente,
GET,/v1/admin/clube,apps/api/src/admin/assinatura.controller.ts,197,AssinaturaController,StaffGuard;PermissaoGuard,'finance.view';'finance.subscription_manage',,Sem credencial,401,EVIDENCIAS_PRE_GO_LIVE/rotas-anonimas.csv,Não inferir cobertura de fluxo a partir desta sonda; suites de domínio/API reportadas separadamente,
GET,/v1/admin/clube/clientes/:id,apps/api/src/admin/assinatura.controller.ts,203,AssinaturaController,StaffGuard;PermissaoGuard,'customers.view';'finance.view',,Sem credencial,401,EVIDENCIAS_PRE_GO_LIVE/rotas-anonimas.csv,Não inferir cobertura de fluxo a partir desta sonda; suites de domínio/API reportadas separadamente,
POST,/v1/admin/clube/assinar,apps/api/src/admin/assinatura.controller.ts,212,AssinaturaController,StaffGuard;PermissaoGuard,'finance.subscription_manage',,Sem credencial,401,EVIDENCIAS_PRE_GO_LIVE/rotas-anonimas.csv,Não inferir cobertura de fluxo a partir desta sonda; suites de domínio/API reportadas separadamente,
GET,/v1/admin/clube/:id/dependentes,apps/api/src/admin/assinatura.controller.ts,249,AssinaturaController,StaffGuard;PermissaoGuard,'finance.subscription_manage';'customers.view',,Sem credencial,401,EVIDENCIAS_PRE_GO_LIVE/rotas-anonimas.csv,Não inferir cobertura de fluxo a partir desta sonda; suites de domínio/API reportadas separadamente,
POST,/v1/admin/clube/:id/dependentes,apps/api/src/admin/assinatura.controller.ts,262,AssinaturaController,StaffGuard;PermissaoGuard,'finance.subscription_manage',,Sem credencial,401,EVIDENCIAS_PRE_GO_LIVE/rotas-anonimas.csv,Não inferir cobertura de fluxo a partir desta sonda; suites de domínio/API reportadas separadamente,
POST,/v1/admin/clube/:id/dependentes/remover,apps/api/src/admin/assinatura.controller.ts,281,AssinaturaController,StaffGuard;PermissaoGuard,'finance.subscription_manage',,Sem credencial,401,EVIDENCIAS_PRE_GO_LIVE/rotas-anonimas.csv,Não inferir cobertura de fluxo a partir desta sonda; suites de domínio/API reportadas separadamente,
POST,/v1/admin/clube/:id/cancelar,apps/api/src/admin/assinatura.controller.ts,300,AssinaturaController,StaffGuard;PermissaoGuard,'finance.subscription_manage',,Sem credencial,401,EVIDENCIAS_PRE_GO_LIVE/rotas-anonimas.csv,Não inferir cobertura de fluxo a partir desta sonda; suites de domínio/API reportadas separadamente,
GET,/v1/admin/clube/faturas,apps/api/src/admin/assinatura.controller.ts,330,AssinaturaController,StaffGuard;PermissaoGuard,'finance.view';'customers.view',,Sem credencial,401,EVIDENCIAS_PRE_GO_LIVE/rotas-anonimas.csv,Não inferir cobertura de fluxo a partir desta sonda; suites de domínio/API reportadas separadamente,
POST,/v1/admin/clube/faturas/:id/pagar,apps/api/src/admin/assinatura.controller.ts,350,AssinaturaController,StaffGuard;PermissaoGuard,'finance.subscription_manage',,Sem credencial,401,EVIDENCIAS_PRE_GO_LIVE/rotas-anonimas.csv,Não inferir cobertura de fluxo a partir desta sonda; suites de domínio/API reportadas separadamente,
POST,/v1/admin/clube/faturas/:id/cancelar,apps/api/src/admin/assinatura.controller.ts,371,AssinaturaController,StaffGuard;PermissaoGuard,'finance.subscription_manage',,Sem credencial,401,EVIDENCIAS_PRE_GO_LIVE/rotas-anonimas.csv,Não inferir cobertura de fluxo a partir desta sonda; suites de domínio/API reportadas separadamente,
PUT,/v1/admin/clube/:id/cartao,apps/api/src/admin/assinatura.controller.ts,397,AssinaturaController,StaffGuard;PermissaoGuard,'finance.subscription_manage',,Sem credencial,401,EVIDENCIAS_PRE_GO_LIVE/rotas-anonimas.csv,Não inferir cobertura de fluxo a partir desta sonda; suites de domínio/API reportadas separadamente,
POST,/v1/admin/clube/:id/agendar-cancelamento,apps/api/src/admin/assinatura.controller.ts,423,AssinaturaController,StaffGuard;PermissaoGuard,'finance.subscription_manage',,Sem credencial,401,EVIDENCIAS_PRE_GO_LIVE/rotas-anonimas.csv,Não inferir cobertura de fluxo a partir desta sonda; suites de domínio/API reportadas separadamente,
GET,/v1/admin/clube/simulacao,apps/api/src/admin/assinatura.controller.ts,457,AssinaturaController,StaffGuard;PermissaoGuard,'finance.view';'finance.view_profit',,Sem credencial,401,EVIDENCIAS_PRE_GO_LIVE/rotas-anonimas.csv,Não inferir cobertura de fluxo a partir desta sonda; suites de domínio/API reportadas separadamente,
GET,/v1/admin/clube/rentabilidade,apps/api/src/admin/assinatura.controller.ts,477,AssinaturaController,StaffGuard;PermissaoGuard,'finance.view';'finance.view_profit';'customers.view',,Sem credencial,401,EVIDENCIAS_PRE_GO_LIVE/rotas-anonimas.csv,Não inferir cobertura de fluxo a partir desta sonda; suites de domínio/API reportadas separadamente,
PUT,/v1/admin/clube/modelo,apps/api/src/admin/assinatura.controller.ts,502,AssinaturaController,StaffGuard;PermissaoGuard,'finance.subscription_manage';'commission.edit_rules',,Sem credencial,401,EVIDENCIAS_PRE_GO_LIVE/rotas-anonimas.csv,Não inferir cobertura de fluxo a partir desta sonda; suites de domínio/API reportadas separadamente,
POST,/v1/admin/clube/:id/desfazer-cancelamento,apps/api/src/admin/assinatura.controller.ts,523,AssinaturaController,StaffGuard;PermissaoGuard,'finance.subscription_manage',,Sem credencial,401,EVIDENCIAS_PRE_GO_LIVE/rotas-anonimas.csv,Não inferir cobertura de fluxo a partir desta sonda; suites de domínio/API reportadas separadamente,
GET,/v1/admin/automacoes/fila,apps/api/src/admin/automacao.controller.ts,55,AutomacaoController,StaffGuard;PermissaoGuard,'marketing.send',,Sem credencial,401,EVIDENCIAS_PRE_GO_LIVE/rotas-anonimas.csv,Não inferir cobertura de fluxo a partir desta sonda; suites de domínio/API reportadas separadamente,
GET,/v1/admin/automacoes,apps/api/src/admin/automacao.controller.ts,64,AutomacaoController,StaffGuard;PermissaoGuard,'marketing.send',,Sem credencial,401,EVIDENCIAS_PRE_GO_LIVE/rotas-anonimas.csv,Não inferir cobertura de fluxo a partir desta sonda; suites de domínio/API reportadas separadamente,
PATCH,/v1/admin/automacoes/estado,apps/api/src/admin/automacao.controller.ts,82,AutomacaoController,StaffGuard;PermissaoGuard,'marketing.send',,Sem credencial,401,EVIDENCIAS_PRE_GO_LIVE/rotas-anonimas.csv,Não inferir cobertura de fluxo a partir desta sonda; suites de domínio/API reportadas separadamente,
PUT,/v1/admin/automacoes,apps/api/src/admin/automacao.controller.ts,101,AutomacaoController,StaffGuard;PermissaoGuard,'marketing.send',,Sem credencial,401,EVIDENCIAS_PRE_GO_LIVE/rotas-anonimas.csv,Não inferir cobertura de fluxo a partir desta sonda; suites de domínio/API reportadas separadamente,
GET,/v1/admin/avaliacoes,apps/api/src/admin/avaliacao.controller.ts,86,AvaliacaoController,StaffGuard;PermissaoGuard,'reviews.view';'customers.view',,Sem credencial,401,EVIDENCIAS_PRE_GO_LIVE/rotas-anonimas.csv,Não inferir cobertura de fluxo a partir desta sonda; suites de domínio/API reportadas separadamente,
GET,/v1/admin/avaliacoes/clientes/:id,apps/api/src/admin/avaliacao.controller.ts,93,AvaliacaoController,StaffGuard;PermissaoGuard,'reviews.view';'customers.view',,Sem credencial,401,EVIDENCIAS_PRE_GO_LIVE/rotas-anonimas.csv,Não inferir cobertura de fluxo a partir desta sonda; suites de domínio/API reportadas separadamente,
POST,/v1/admin/avaliacoes/:id/tratar,apps/api/src/admin/avaliacao.controller.ts,110,AvaliacaoController,StaffGuard;PermissaoGuard,'reviews.recover',,Sem credencial,401,EVIDENCIAS_PRE_GO_LIVE/rotas-anonimas.csv,Não inferir cobertura de fluxo a partir desta sonda; suites de domínio/API reportadas separadamente,
POST,/v1/admin/avaliacoes/:id/contestar,apps/api/src/admin/avaliacao.controller.ts,141,AvaliacaoController,StaffGuard;PermissaoGuard,'reviews.contest',,Sem credencial,401,EVIDENCIAS_PRE_GO_LIVE/rotas-anonimas.csv,Não inferir cobertura de fluxo a partir desta sonda; suites de domínio/API reportadas separadamente,
POST,/v1/admin/avaliacoes/:id/retirar-contestacao,apps/api/src/admin/avaliacao.controller.ts,178,AvaliacaoController,StaffGuard;PermissaoGuard,'reviews.contest',,Sem credencial,401,EVIDENCIAS_PRE_GO_LIVE/rotas-anonimas.csv,Não inferir cobertura de fluxo a partir desta sonda; suites de domínio/API reportadas separadamente,
GET,/v1/admin/notifications,apps/api/src/admin/avisos.controller.ts,26,AvisosController,StaffGuard;PermissaoGuard,'settings.manage','avisos',Sem credencial,401,EVIDENCIAS_PRE_GO_LIVE/rotas-anonimas.csv,Não inferir cobertura de fluxo a partir desta sonda; suites de domínio/API reportadas separadamente,
PUT,/v1/admin/notifications,apps/api/src/admin/avisos.controller.ts,35,AvisosController,StaffGuard;PermissaoGuard,'settings.manage','avisos',Sem credencial,401,EVIDENCIAS_PRE_GO_LIVE/rotas-anonimas.csv,Não inferir cobertura de fluxo a partir desta sonda; suites de domínio/API reportadas separadamente,
GET,/v1/admin/day,apps/api/src/admin/board.controller.ts,105,BoardController,StaffGuard;PermissaoGuard,'appointments.view',,Sem credencial,401,EVIDENCIAS_PRE_GO_LIVE/rotas-anonimas.csv,Não inferir cobertura de fluxo a partir desta sonda; suites de domínio/API reportadas separadamente,
POST,/v1/admin/appointments/:id/attendance,apps/api/src/admin/board.controller.ts,142,BoardController,StaffGuard;PermissaoGuard,'appointments.attend',,Sem credencial,401,EVIDENCIAS_PRE_GO_LIVE/rotas-anonimas.csv,Não inferir cobertura de fluxo a partir desta sonda; suites de domínio/API reportadas separadamente,
GET,/v1/admin/catalog,apps/api/src/admin/board.controller.ts,209,BoardController,StaffGuard;PermissaoGuard,'appointments.create',,Sem credencial,401,EVIDENCIAS_PRE_GO_LIVE/rotas-anonimas.csv,Não inferir cobertura de fluxo a partir desta sonda; suites de domínio/API reportadas separadamente,
GET,/v1/admin/customers,apps/api/src/admin/board.controller.ts,224,BoardController,StaffGuard;PermissaoGuard,'customers.view',,Sem credencial,401,EVIDENCIAS_PRE_GO_LIVE/rotas-anonimas.csv,Não inferir cobertura de fluxo a partir desta sonda; suites de domínio/API reportadas separadamente,
GET,/v1/admin/availability,apps/api/src/admin/board.controller.ts,234,BoardController,StaffGuard;PermissaoGuard,'appointments.create',,Sem credencial,401,EVIDENCIAS_PRE_GO_LIVE/rotas-anonimas.csv,Não inferir cobertura de fluxo a partir desta sonda; suites de domínio/API reportadas separadamente,
POST,/v1/admin/appointments,apps/api/src/admin/board.controller.ts,276,BoardController,StaffGuard;PermissaoGuard,'appointments.create',,Sem credencial,401,EVIDENCIAS_PRE_GO_LIVE/rotas-anonimas.csv,Não inferir cobertura de fluxo a partir desta sonda; suites de domínio/API reportadas separadamente,
GET,/v1/admin/cash,apps/api/src/admin/caixa.controller.ts,159,CaixaController,StaffGuard;PermissaoGuard,'cashier.open',,Sem credencial,401,EVIDENCIAS_PRE_GO_LIVE/rotas-anonimas.csv,Não inferir cobertura de fluxo a partir desta sonda; suites de domínio/API reportadas separadamente,
POST,/v1/admin/cash/open,apps/api/src/admin/caixa.controller.ts,172,CaixaController,StaffGuard;PermissaoGuard,'cashier.open',,Sem credencial,401,EVIDENCIAS_PRE_GO_LIVE/rotas-anonimas.csv,Não inferir cobertura de fluxo a partir desta sonda; suites de domínio/API reportadas separadamente,
POST,/v1/admin/cash/movements,apps/api/src/admin/caixa.controller.ts,192,CaixaController,StaffGuard;PermissaoGuard,'cashier.withdraw',,Sem credencial,401,EVIDENCIAS_PRE_GO_LIVE/rotas-anonimas.csv,Não inferir cobertura de fluxo a partir desta sonda; suites de domínio/API reportadas separadamente,
POST,/v1/admin/cash/close,apps/api/src/admin/caixa.controller.ts,231,CaixaController,StaffGuard;PermissaoGuard,'cashier.close',,Sem credencial,401,EVIDENCIAS_PRE_GO_LIVE/rotas-anonimas.csv,Não inferir cobertura de fluxo a partir desta sonda; suites de domínio/API reportadas separadamente,
GET,/v1/admin/orders/vendaveis,apps/api/src/admin/caixa.controller.ts,269,CaixaController,StaffGuard;PermissaoGuard,'cashier.open',,Sem credencial,401,EVIDENCIAS_PRE_GO_LIVE/rotas-anonimas.csv,Não inferir cobertura de fluxo a partir desta sonda; suites de domínio/API reportadas separadamente,
GET,/v1/admin/orders/abertas,apps/api/src/admin/caixa.controller.ts,290,CaixaController,StaffGuard;PermissaoGuard,'cashier.open',,Sem credencial,401,EVIDENCIAS_PRE_GO_LIVE/rotas-anonimas.csv,Não inferir cobertura de fluxo a partir desta sonda; suites de domínio/API reportadas separadamente,
GET,/v1/admin/orders/:id,apps/api/src/admin/caixa.controller.ts,318,CaixaController,StaffGuard;PermissaoGuard,'cashier.open',,Sem credencial,401,EVIDENCIAS_PRE_GO_LIVE/rotas-anonimas.csv,Não inferir cobertura de fluxo a partir desta sonda; suites de domínio/API reportadas separadamente,
POST,/v1/admin/orders,apps/api/src/admin/caixa.controller.ts,346,CaixaController,StaffGuard;PermissaoGuard,'cashier.open',,Sem credencial,401,EVIDENCIAS_PRE_GO_LIVE/rotas-anonimas.csv,Não inferir cobertura de fluxo a partir desta sonda; suites de domínio/API reportadas separadamente,
DELETE,/v1/admin/orders/:id,apps/api/src/admin/caixa.controller.ts,390,CaixaController,StaffGuard;PermissaoGuard,'cashier.open',,Sem credencial,401,EVIDENCIAS_PRE_GO_LIVE/rotas-anonimas.csv,Não inferir cobertura de fluxo a partir desta sonda; suites de domínio/API reportadas separadamente,
POST,/v1/admin/orders/:id/items,apps/api/src/admin/caixa.controller.ts,409,CaixaController,StaffGuard;PermissaoGuard,'cashier.open',,Sem credencial,401,EVIDENCIAS_PRE_GO_LIVE/rotas-anonimas.csv,Não inferir cobertura de fluxo a partir desta sonda; suites de domínio/API reportadas separadamente,
DELETE,/v1/admin/orders/:id/items/:itemId,apps/api/src/admin/caixa.controller.ts,455,CaixaController,StaffGuard;PermissaoGuard,'cashier.open',,Sem credencial,401,EVIDENCIAS_PRE_GO_LIVE/rotas-anonimas.csv,Não inferir cobertura de fluxo a partir desta sonda; suites de domínio/API reportadas separadamente,
PATCH,/v1/admin/orders/:id,apps/api/src/admin/caixa.controller.ts,497,CaixaController,StaffGuard;PermissaoGuard,'finance.discount',,Sem credencial,401,EVIDENCIAS_PRE_GO_LIVE/rotas-anonimas.csv,Não inferir cobertura de fluxo a partir desta sonda; suites de domínio/API reportadas separadamente,
POST,/v1/admin/orders/:id/close,apps/api/src/admin/caixa.controller.ts,538,CaixaController,StaffGuard;PermissaoGuard,'cashier.open',,Sem credencial,401,EVIDENCIAS_PRE_GO_LIVE/rotas-anonimas.csv,Não inferir cobertura de fluxo a partir desta sonda; suites de domínio/API reportadas separadamente,
GET,/v1/admin/debts,apps/api/src/admin/caixa.controller.ts,608,CaixaController,StaffGuard;PermissaoGuard,'cashier.open';'customers.view',,Sem credencial,401,EVIDENCIAS_PRE_GO_LIVE/rotas-anonimas.csv,Não inferir cobertura de fluxo a partir desta sonda; suites de domínio/API reportadas separadamente,
POST,/v1/admin/debts/receive,apps/api/src/admin/caixa.controller.ts,614,CaixaController,StaffGuard;PermissaoGuard,'cashier.open',,Sem credencial,401,EVIDENCIAS_PRE_GO_LIVE/rotas-anonimas.csv,Não inferir cobertura de fluxo a partir desta sonda; suites de domínio/API reportadas separadamente,
GET,/v1/admin/orders/:id/charges,apps/api/src/admin/caixa.controller.ts,661,CaixaController,StaffGuard;PermissaoGuard,'cashier.open',,Sem credencial,401,EVIDENCIAS_PRE_GO_LIVE/rotas-anonimas.csv,Não inferir cobertura de fluxo a partir desta sonda; suites de domínio/API reportadas separadamente,
POST,/v1/admin/orders/:id/charges,apps/api/src/admin/caixa.controller.ts,682,CaixaController,StaffGuard;PermissaoGuard,'cashier.open',,Sem credencial,401,EVIDENCIAS_PRE_GO_LIVE/rotas-anonimas.csv,Não inferir cobertura de fluxo a partir desta sonda; suites de domínio/API reportadas separadamente,
DELETE,/v1/admin/orders/:id/charges/:chargeId,apps/api/src/admin/caixa.controller.ts,721,CaixaController,StaffGuard;PermissaoGuard,'cashier.open',,Sem credencial,401,EVIDENCIAS_PRE_GO_LIVE/rotas-anonimas.csv,Não inferir cobertura de fluxo a partir desta sonda; suites de domínio/API reportadas separadamente,
GET,/v1/admin/revenue,apps/api/src/admin/caixa.controller.ts,747,CaixaController,StaffGuard;PermissaoGuard,'finance.view',,Sem credencial,401,EVIDENCIAS_PRE_GO_LIVE/rotas-anonimas.csv,Não inferir cobertura de fluxo a partir desta sonda; suites de domínio/API reportadas separadamente,
GET,/v1/admin/campanhas,apps/api/src/admin/campanha.controller.ts,73,CampanhaController,StaffGuard;PermissaoGuard,'marketing.send',,Sem credencial,401,EVIDENCIAS_PRE_GO_LIVE/rotas-anonimas.csv,Não inferir cobertura de fluxo a partir desta sonda; suites de domínio/API reportadas separadamente,
POST,/v1/admin/campanhas,apps/api/src/admin/campanha.controller.ts,87,CampanhaController,StaffGuard;PermissaoGuard,'marketing.send',,Sem credencial,401,EVIDENCIAS_PRE_GO_LIVE/rotas-anonimas.csv,Não inferir cobertura de fluxo a partir desta sonda; suites de domínio/API reportadas separadamente,
POST,/v1/admin/campanhas/:id/enviar,apps/api/src/admin/campanha.controller.ts,136,CampanhaController,StaffGuard;PermissaoGuard,'marketing.send',,Sem credencial,401,EVIDENCIAS_PRE_GO_LIVE/rotas-anonimas.csv,Não inferir cobertura de fluxo a partir desta sonda; suites de domínio/API reportadas separadamente,
POST,/v1/admin/campanhas/:id/retomar,apps/api/src/admin/campanha.controller.ts,179,CampanhaController,StaffGuard;PermissaoGuard,'marketing.send',,Sem credencial,401,EVIDENCIAS_PRE_GO_LIVE/rotas-anonimas.csv,Não inferir cobertura de fluxo a partir desta sonda; suites de domínio/API reportadas separadamente,
GET,/v1/admin/campanhas/:id/pulados,apps/api/src/admin/campanha.controller.ts,210,CampanhaController,StaffGuard;PermissaoGuard,'marketing.send';'customers.view',,Sem credencial,401,EVIDENCIAS_PRE_GO_LIVE/rotas-anonimas.csv,Não inferir cobertura de fluxo a partir desta sonda; suites de domínio/API reportadas separadamente,
GET,/v1/admin/catalog/services,apps/api/src/admin/catalogo.controller.ts,80,CatalogoController,StaffGuard;PermissaoGuard,'settings.manage',,Sem credencial,401,EVIDENCIAS_PRE_GO_LIVE/rotas-anonimas.csv,Não inferir cobertura de fluxo a partir desta sonda; suites de domínio/API reportadas separadamente,
POST,/v1/admin/catalog/services,apps/api/src/admin/catalogo.controller.ts,86,CatalogoController,StaffGuard;PermissaoGuard,'settings.manage',,Sem credencial,401,EVIDENCIAS_PRE_GO_LIVE/rotas-anonimas.csv,Não inferir cobertura de fluxo a partir desta sonda; suites de domínio/API reportadas separadamente,
PUT,/v1/admin/catalog/services/:id,apps/api/src/admin/catalogo.controller.ts,99,CatalogoController,StaffGuard;PermissaoGuard,'settings.manage',,Sem credencial,401,EVIDENCIAS_PRE_GO_LIVE/rotas-anonimas.csv,Não inferir cobertura de fluxo a partir desta sonda; suites de domínio/API reportadas separadamente,
PUT,/v1/admin/catalog/services/:id/active,apps/api/src/admin/catalogo.controller.ts,121,CatalogoController,StaffGuard;PermissaoGuard,'settings.manage',,Sem credencial,401,EVIDENCIAS_PRE_GO_LIVE/rotas-anonimas.csv,Não inferir cobertura de fluxo a partir desta sonda; suites de domínio/API reportadas separadamente,
PUT,/v1/admin/catalog/services/:id/resources,apps/api/src/admin/catalogo.controller.ts,136,CatalogoController,StaffGuard;PermissaoGuard,'settings.manage',,Sem credencial,401,EVIDENCIAS_PRE_GO_LIVE/rotas-anonimas.csv,Não inferir cobertura de fluxo a partir desta sonda; suites de domínio/API reportadas separadamente,
GET,/v1/admin/catalog/professionals,apps/api/src/admin/catalogo.controller.ts,160,CatalogoController,StaffGuard;PermissaoGuard,'settings.manage',,Sem credencial,401,EVIDENCIAS_PRE_GO_LIVE/rotas-anonimas.csv,Não inferir cobertura de fluxo a partir desta sonda; suites de domínio/API reportadas separadamente,
POST,/v1/admin/catalog/professionals,apps/api/src/admin/catalogo.controller.ts,167,CatalogoController,StaffGuard;PermissaoGuard,'settings.manage',,Sem credencial,401,EVIDENCIAS_PRE_GO_LIVE/rotas-anonimas.csv,Não inferir cobertura de fluxo a partir desta sonda; suites de domínio/API reportadas separadamente,
PUT,/v1/admin/catalog/professionals/:id,apps/api/src/admin/catalogo.controller.ts,181,CatalogoController,StaffGuard;PermissaoGuard,'settings.manage',,Sem credencial,401,EVIDENCIAS_PRE_GO_LIVE/rotas-anonimas.csv,Não inferir cobertura de fluxo a partir desta sonda; suites de domínio/API reportadas separadamente,
PUT,/v1/admin/catalog/professionals/:id/perfil-publico,apps/api/src/admin/catalogo.controller.ts,205,CatalogoController,StaffGuard;PermissaoGuard,'settings.manage',,Sem credencial,401,EVIDENCIAS_PRE_GO_LIVE/rotas-anonimas.csv,Não inferir cobertura de fluxo a partir desta sonda; suites de domínio/API reportadas separadamente,
PUT,/v1/admin/catalog/professionals/:id/active,apps/api/src/admin/catalogo.controller.ts,226,CatalogoController,StaffGuard;PermissaoGuard,'settings.manage',,Sem credencial,401,EVIDENCIAS_PRE_GO_LIVE/rotas-anonimas.csv,Não inferir cobertura de fluxo a partir desta sonda; suites de domínio/API reportadas separadamente,
GET,/v1/admin/catalog/professionals/:id/schedule,apps/api/src/admin/catalogo.controller.ts,250,CatalogoController,StaffGuard;PermissaoGuard,'settings.manage',,Sem credencial,401,EVIDENCIAS_PRE_GO_LIVE/rotas-anonimas.csv,Não inferir cobertura de fluxo a partir desta sonda; suites de domínio/API reportadas separadamente,
PUT,/v1/admin/catalog/professionals/:id/schedule,apps/api/src/admin/catalogo.controller.ts,273,CatalogoController,StaffGuard;PermissaoGuard,'settings.manage',,Sem credencial,401,EVIDENCIAS_PRE_GO_LIVE/rotas-anonimas.csv,Não inferir cobertura de fluxo a partir desta sonda; suites de domínio/API reportadas separadamente,
GET,/v1/admin/catalog/resources,apps/api/src/admin/catalogo.controller.ts,300,CatalogoController,StaffGuard;PermissaoGuard,'settings.manage',,Sem credencial,401,EVIDENCIAS_PRE_GO_LIVE/rotas-anonimas.csv,Não inferir cobertura de fluxo a partir desta sonda; suites de domínio/API reportadas separadamente,
PUT,/v1/admin/catalog/resources,apps/api/src/admin/catalogo.controller.ts,307,CatalogoController,StaffGuard;PermissaoGuard,'settings.manage',,Sem credencial,401,EVIDENCIAS_PRE_GO_LIVE/rotas-anonimas.csv,Não inferir cobertura de fluxo a partir desta sonda; suites de domínio/API reportadas separadamente,
GET,/v1/admin/chaves,apps/api/src/admin/chaves.controller.ts,55,ChavesController,StaffGuard;PermissaoGuard,'team.manage',,Sem credencial,401,EVIDENCIAS_PRE_GO_LIVE/rotas-anonimas.csv,Não inferir cobertura de fluxo a partir desta sonda; suites de domínio/API reportadas separadamente,
POST,/v1/admin/chaves,apps/api/src/admin/chaves.controller.ts,71,ChavesController,StaffGuard;PermissaoGuard,'team.manage',,Sem credencial,401,EVIDENCIAS_PRE_GO_LIVE/rotas-anonimas.csv,Não inferir cobertura de fluxo a partir desta sonda; suites de domínio/API reportadas separadamente,
POST,/v1/admin/chaves/:chaveId/revogacao,apps/api/src/admin/chaves.controller.ts,91,ChavesController,StaffGuard;PermissaoGuard,'team.manage',,Sem credencial,401,EVIDENCIAS_PRE_GO_LIVE/rotas-anonimas.csv,Não inferir cobertura de fluxo a partir desta sonda; suites de domínio/API reportadas separadamente,
GET,/v1/admin/churn,apps/api/src/admin/churn.controller.ts,41,ChurnController,StaffGuard;PermissaoGuard,'customers.view';'customers.view_notes';'reviews.view',,Sem credencial,401,EVIDENCIAS_PRE_GO_LIVE/rotas-anonimas.csv,Não inferir cobertura de fluxo a partir desta sonda; suites de domínio/API reportadas separadamente,
GET,/v1/admin/crescimento,apps/api/src/admin/churn.controller.ts,85,ChurnController,StaffGuard;PermissaoGuard,'finance.view';'reports.finance';'customers.view';'customers.view_notes',,Sem credencial,401,EVIDENCIAS_PRE_GO_LIVE/rotas-anonimas.csv,Não inferir cobertura de fluxo a partir desta sonda; suites de domínio/API reportadas separadamente,
GET,/v1/admin/customers/directory,apps/api/src/admin/clientes.controller.ts,29,ClientesController,StaffGuard;PermissaoGuard,'customers.view',,Sem credencial,401,EVIDENCIAS_PRE_GO_LIVE/rotas-anonimas.csv,Não inferir cobertura de fluxo a partir desta sonda; suites de domínio/API reportadas separadamente,
GET,/v1/admin/commission/mine,apps/api/src/admin/comissao.controller.ts,113,ComissaoController,StaffGuard;PermissaoGuard,'commission.view_own',,Sem credencial,401,EVIDENCIAS_PRE_GO_LIVE/rotas-anonimas.csv,Não inferir cobertura de fluxo a partir desta sonda; suites de domínio/API reportadas separadamente,
GET,/v1/admin/commission/mine/closures,apps/api/src/admin/comissao.controller.ts,131,ComissaoController,StaffGuard;PermissaoGuard,'commission.view_own',,Sem credencial,401,EVIDENCIAS_PRE_GO_LIVE/rotas-anonimas.csv,Não inferir cobertura de fluxo a partir desta sonda; suites de domínio/API reportadas separadamente,
GET,/v1/admin/commission,apps/api/src/admin/comissao.controller.ts,143,ComissaoController,StaffGuard;PermissaoGuard,'commission.view_all',,Sem credencial,401,EVIDENCIAS_PRE_GO_LIVE/rotas-anonimas.csv,Não inferir cobertura de fluxo a partir desta sonda; suites de domínio/API reportadas separadamente,
GET,/v1/admin/commission/closures,apps/api/src/admin/comissao.controller.ts,153,ComissaoController,StaffGuard;PermissaoGuard,'commission.view_all',,Sem credencial,401,EVIDENCIAS_PRE_GO_LIVE/rotas-anonimas.csv,Não inferir cobertura de fluxo a partir desta sonda; suites de domínio/API reportadas separadamente,
POST,/v1/admin/commission/closures,apps/api/src/admin/comissao.controller.ts,172,ComissaoController,StaffGuard;PermissaoGuard,'commission.edit_rules',,Sem credencial,401,EVIDENCIAS_PRE_GO_LIVE/rotas-anonimas.csv,Não inferir cobertura de fluxo a partir desta sonda; suites de domínio/API reportadas separadamente,
GET,/v1/admin/commission/rules,apps/api/src/admin/comissao.controller.ts,197,ComissaoController,StaffGuard;PermissaoGuard,'commission.edit_rules',,Sem credencial,401,EVIDENCIAS_PRE_GO_LIVE/rotas-anonimas.csv,Não inferir cobertura de fluxo a partir desta sonda; suites de domínio/API reportadas separadamente,
PUT,/v1/admin/commission/rules,apps/api/src/admin/comissao.controller.ts,203,ComissaoController,StaffGuard;PermissaoGuard,'commission.edit_rules',,Sem credencial,401,EVIDENCIAS_PRE_GO_LIVE/rotas-anonimas.csv,Não inferir cobertura de fluxo a partir desta sonda; suites de domínio/API reportadas separadamente,
DELETE,/v1/admin/commission/rules/:id,apps/api/src/admin/comissao.controller.ts,234,ComissaoController,StaffGuard;PermissaoGuard,'commission.edit_rules',,Sem credencial,401,EVIDENCIAS_PRE_GO_LIVE/rotas-anonimas.csv,Não inferir cobertura de fluxo a partir desta sonda; suites de domínio/API reportadas separadamente,
PUT,/v1/admin/commission/settings,apps/api/src/admin/comissao.controller.ts,253,ComissaoController,StaffGuard;PermissaoGuard,'commission.edit_rules',,Sem credencial,401,EVIDENCIAS_PRE_GO_LIVE/rotas-anonimas.csv,Não inferir cobertura de fluxo a partir desta sonda; suites de domínio/API reportadas separadamente,
GET,/v1/admin/commission/fees,apps/api/src/admin/comissao.controller.ts,282,ComissaoController,StaffGuard;PermissaoGuard,'commission.edit_rules',,Sem credencial,401,EVIDENCIAS_PRE_GO_LIVE/rotas-anonimas.csv,Não inferir cobertura de fluxo a partir desta sonda; suites de domínio/API reportadas separadamente,
PUT,/v1/admin/commission/fees,apps/api/src/admin/comissao.controller.ts,288,ComissaoController,StaffGuard;PermissaoGuard,'commission.edit_rules',,Sem credencial,401,EVIDENCIAS_PRE_GO_LIVE/rotas-anonimas.csv,Não inferir cobertura de fluxo a partir desta sonda; suites de domínio/API reportadas separadamente,
GET,/v1/admin/dre,apps/api/src/admin/dre.controller.ts,111,DreController,StaffGuard;PermissaoGuard,'finance.view_profit',,Sem credencial,401,EVIDENCIAS_PRE_GO_LIVE/rotas-anonimas.csv,Não inferir cobertura de fluxo a partir desta sonda; suites de domínio/API reportadas separadamente,
GET,/v1/admin/vales,apps/api/src/admin/dre.controller.ts,138,DreController,StaffGuard;PermissaoGuard,'commission.view_all',,Sem credencial,401,EVIDENCIAS_PRE_GO_LIVE/rotas-anonimas.csv,Não inferir cobertura de fluxo a partir desta sonda; suites de domínio/API reportadas separadamente,
GET,/v1/admin/vales/teto/:professionalId,apps/api/src/admin/dre.controller.ts,160,DreController,StaffGuard;PermissaoGuard,'finance.advance',,Sem credencial,401,EVIDENCIAS_PRE_GO_LIVE/rotas-anonimas.csv,Não inferir cobertura de fluxo a partir desta sonda; suites de domínio/API reportadas separadamente,
POST,/v1/admin/vales,apps/api/src/admin/dre.controller.ts,177,DreController,StaffGuard;PermissaoGuard,'finance.advance',,Sem credencial,401,EVIDENCIAS_PRE_GO_LIVE/rotas-anonimas.csv,Não inferir cobertura de fluxo a partir desta sonda; suites de domínio/API reportadas separadamente,
POST,/v1/admin/vales/:id/cancelar,apps/api/src/admin/dre.controller.ts,214,DreController,StaffGuard;PermissaoGuard,'finance.advance',,Sem credencial,401,EVIDENCIAS_PRE_GO_LIVE/rotas-anonimas.csv,Não inferir cobertura de fluxo a partir desta sonda; suites de domínio/API reportadas separadamente,
POST,/v1/admin/comandas/:id/estornar,apps/api/src/admin/dre.controller.ts,237,DreController,StaffGuard;PermissaoGuard,'finance.order_refund',,Sem credencial,401,EVIDENCIAS_PRE_GO_LIVE/rotas-anonimas.csv,Não inferir cobertura de fluxo a partir desta sonda; suites de domínio/API reportadas separadamente,
POST,/v1/admin/pacotes/:id/transferir,apps/api/src/admin/dre.controller.ts,261,DreController,StaffGuard;PermissaoGuard,'finance.package_transfer',,Sem credencial,401,EVIDENCIAS_PRE_GO_LIVE/rotas-anonimas.csv,Não inferir cobertura de fluxo a partir desta sonda; suites de domínio/API reportadas separadamente,
GET,/v1/admin/estoque/produtos,apps/api/src/admin/estoque.controller.ts,80,EstoqueController,StaffGuard;PermissaoGuard,'inventory.view',,Sem credencial,401,EVIDENCIAS_PRE_GO_LIVE/rotas-anonimas.csv,Não inferir cobertura de fluxo a partir desta sonda; suites de domínio/API reportadas separadamente,
PUT,/v1/admin/estoque/produtos,apps/api/src/admin/estoque.controller.ts,108,EstoqueController,StaffGuard;PermissaoGuard,'inventory.adjust',,Sem credencial,401,EVIDENCIAS_PRE_GO_LIVE/rotas-anonimas.csv,Não inferir cobertura de fluxo a partir desta sonda; suites de domínio/API reportadas separadamente,
PUT,/v1/admin/estoque/produtos/:id,apps/api/src/admin/estoque.controller.ts,139,EstoqueController,StaffGuard;PermissaoGuard,'inventory.adjust',,Sem credencial,401,EVIDENCIAS_PRE_GO_LIVE/rotas-anonimas.csv,Não inferir cobertura de fluxo a partir desta sonda; suites de domínio/API reportadas separadamente,
GET,/v1/admin/estoque/produtos/:id/movimentos,apps/api/src/admin/estoque.controller.ts,172,EstoqueController,StaffGuard;PermissaoGuard,'inventory.view',,Sem credencial,401,EVIDENCIAS_PRE_GO_LIVE/rotas-anonimas.csv,Não inferir cobertura de fluxo a partir desta sonda; suites de domínio/API reportadas separadamente,
POST,/v1/admin/estoque/movimentos,apps/api/src/admin/estoque.controller.ts,184,EstoqueController,StaffGuard;PermissaoGuard,'inventory.adjust',,Sem credencial,401,EVIDENCIAS_PRE_GO_LIVE/rotas-anonimas.csv,Não inferir cobertura de fluxo a partir desta sonda; suites de domínio/API reportadas separadamente,
GET,/v1/admin/estoque/ficha/:serviceId,apps/api/src/admin/estoque.controller.ts,218,EstoqueController,StaffGuard;PermissaoGuard,'inventory.view',,Sem credencial,401,EVIDENCIAS_PRE_GO_LIVE/rotas-anonimas.csv,Não inferir cobertura de fluxo a partir desta sonda; suites de domínio/API reportadas separadamente,
PUT,/v1/admin/estoque/ficha/:serviceId,apps/api/src/admin/estoque.controller.ts,234,EstoqueController,StaffGuard;PermissaoGuard,'settings.manage';'inventory.adjust',,Sem credencial,401,EVIDENCIAS_PRE_GO_LIVE/rotas-anonimas.csv,Não inferir cobertura de fluxo a partir desta sonda; suites de domínio/API reportadas separadamente,
GET,/v1/admin/estoque/margem,apps/api/src/admin/estoque.controller.ts,260,EstoqueController,StaffGuard;PermissaoGuard,'finance.view_profit',,Sem credencial,401,EVIDENCIAS_PRE_GO_LIVE/rotas-anonimas.csv,Não inferir cobertura de fluxo a partir desta sonda; suites de domínio/API reportadas separadamente,
GET,/v1/admin/customers/:id/ficha,apps/api/src/admin/ficha.controller.ts,78,FichaController,StaffGuard;PermissaoGuard,'customers.view_notes';'customers.view',,Sem credencial,401,EVIDENCIAS_PRE_GO_LIVE/rotas-anonimas.csv,Não inferir cobertura de fluxo a partir desta sonda; suites de domínio/API reportadas separadamente,
PUT,/v1/admin/customers/:id/preferences,apps/api/src/admin/ficha.controller.ts,91,FichaController,StaffGuard;PermissaoGuard,'customers.edit_notes',,Sem credencial,401,EVIDENCIAS_PRE_GO_LIVE/rotas-anonimas.csv,Não inferir cobertura de fluxo a partir desta sonda; suites de domínio/API reportadas separadamente,
GET,/v1/admin/customers/:id/fotos,apps/api/src/admin/ficha.controller.ts,123,FichaController,StaffGuard;PermissaoGuard,'customers.view_photos',,Sem credencial,401,EVIDENCIAS_PRE_GO_LIVE/rotas-anonimas.csv,Não inferir cobertura de fluxo a partir desta sonda; suites de domínio/API reportadas separadamente,
POST,/v1/admin/customers/:id/fotos,apps/api/src/admin/ficha.controller.ts,148,FichaController,StaffGuard;PermissaoGuard,'customers.manage_photos',,Sem credencial,401,EVIDENCIAS_PRE_GO_LIVE/rotas-anonimas.csv,Não inferir cobertura de fluxo a partir desta sonda; suites de domínio/API reportadas separadamente,
PUT,/v1/admin/customers/fotos/:fotoId/portfolio,apps/api/src/admin/ficha.controller.ts,172,FichaController,StaffGuard;PermissaoGuard,'customers.manage_photos',,Sem credencial,401,EVIDENCIAS_PRE_GO_LIVE/rotas-anonimas.csv,Não inferir cobertura de fluxo a partir desta sonda; suites de domínio/API reportadas separadamente,
DELETE,/v1/admin/customers/fotos/:fotoId,apps/api/src/admin/ficha.controller.ts,200,FichaController,StaffGuard;PermissaoGuard,'customers.manage_photos',,Sem credencial,401,EVIDENCIAS_PRE_GO_LIVE/rotas-anonimas.csv,Não inferir cobertura de fluxo a partir desta sonda; suites de domínio/API reportadas separadamente,
GET,/v1/admin/fidelidade/programa,apps/api/src/admin/fidelidade.controller.ts,65,FidelidadeController,StaffGuard;PermissaoGuard,'appointments.view',,Sem credencial,401,EVIDENCIAS_PRE_GO_LIVE/rotas-anonimas.csv,Não inferir cobertura de fluxo a partir desta sonda; suites de domínio/API reportadas separadamente,
PUT,/v1/admin/fidelidade/programa,apps/api/src/admin/fidelidade.controller.ts,71,FidelidadeController,StaffGuard;PermissaoGuard,'settings.manage',,Sem credencial,401,EVIDENCIAS_PRE_GO_LIVE/rotas-anonimas.csv,Não inferir cobertura de fluxo a partir desta sonda; suites de domínio/API reportadas separadamente,
GET,/v1/admin/fidelidade/clientes/:id,apps/api/src/admin/fidelidade.controller.ts,96,FidelidadeController,StaffGuard;PermissaoGuard,'customers.view';'finance.view',,Sem credencial,401,EVIDENCIAS_PRE_GO_LIVE/rotas-anonimas.csv,Não inferir cobertura de fluxo a partir desta sonda; suites de domínio/API reportadas separadamente,
POST,/v1/admin/fidelidade/clientes/:id/ajuste,apps/api/src/admin/fidelidade.controller.ts,108,FidelidadeController,StaffGuard;PermissaoGuard,'finance.loyalty_adjust',,Sem credencial,401,EVIDENCIAS_PRE_GO_LIVE/rotas-anonimas.csv,Não inferir cobertura de fluxo a partir desta sonda; suites de domínio/API reportadas separadamente,
GET,/v1/admin/queue,apps/api/src/admin/fila.controller.ts,70,FilaController,StaffGuard;PermissaoGuard,'appointments.view','fila',Sem credencial,401,EVIDENCIAS_PRE_GO_LIVE/rotas-anonimas.csv,Não inferir cobertura de fluxo a partir desta sonda; suites de domínio/API reportadas separadamente,
GET,/v1/admin/queue/fit,apps/api/src/admin/fila.controller.ts,91,FilaController,StaffGuard;PermissaoGuard,'appointments.create','fila',Sem credencial,401,EVIDENCIAS_PRE_GO_LIVE/rotas-anonimas.csv,Não inferir cobertura de fluxo a partir desta sonda; suites de domínio/API reportadas separadamente,
POST,/v1/admin/queue,apps/api/src/admin/fila.controller.ts,116,FilaController,StaffGuard;PermissaoGuard,'appointments.create','fila',Sem credencial,401,EVIDENCIAS_PRE_GO_LIVE/rotas-anonimas.csv,Não inferir cobertura de fluxo a partir desta sonda; suites de domínio/API reportadas separadamente,
POST,/v1/admin/queue/:id/move,apps/api/src/admin/fila.controller.ts,153,FilaController,StaffGuard;PermissaoGuard,'appointments.attend','fila',Sem credencial,401,EVIDENCIAS_PRE_GO_LIVE/rotas-anonimas.csv,Não inferir cobertura de fluxo a partir desta sonda; suites de domínio/API reportadas separadamente,
POST,/v1/admin/queue/:id/seat,apps/api/src/admin/fila.controller.ts,182,FilaController,StaffGuard;PermissaoGuard,'appointments.attend','fila',Sem credencial,401,EVIDENCIAS_PRE_GO_LIVE/rotas-anonimas.csv,Não inferir cobertura de fluxo a partir desta sonda; suites de domínio/API reportadas separadamente,
GET,/v1/admin/financeiro/contas,apps/api/src/admin/financeiro.controller.ts,109,FinanceiroController,StaffGuard;PermissaoGuard,'finance.view',,Sem credencial,401,EVIDENCIAS_PRE_GO_LIVE/rotas-anonimas.csv,Não inferir cobertura de fluxo a partir desta sonda; suites de domínio/API reportadas separadamente,
POST,/v1/admin/financeiro/contas,apps/api/src/admin/financeiro.controller.ts,128,FinanceiroController,StaffGuard;PermissaoGuard,'finance.bills_manage',,Sem credencial,401,EVIDENCIAS_PRE_GO_LIVE/rotas-anonimas.csv,Não inferir cobertura de fluxo a partir desta sonda; suites de domínio/API reportadas separadamente,
POST,/v1/admin/financeiro/contas/:id/quitar,apps/api/src/admin/financeiro.controller.ts,156,FinanceiroController,StaffGuard;PermissaoGuard,'finance.bills_manage',,Sem credencial,401,EVIDENCIAS_PRE_GO_LIVE/rotas-anonimas.csv,Não inferir cobertura de fluxo a partir desta sonda; suites de domínio/API reportadas separadamente,
POST,/v1/admin/financeiro/contas/:id/cancelar,apps/api/src/admin/financeiro.controller.ts,183,FinanceiroController,StaffGuard;PermissaoGuard,'finance.bills_manage',,Sem credencial,401,EVIDENCIAS_PRE_GO_LIVE/rotas-anonimas.csv,Não inferir cobertura de fluxo a partir desta sonda; suites de domínio/API reportadas separadamente,
GET,/v1/admin/financeiro/categorias,apps/api/src/admin/financeiro.controller.ts,206,FinanceiroController,StaffGuard;PermissaoGuard,'finance.view',,Sem credencial,401,EVIDENCIAS_PRE_GO_LIVE/rotas-anonimas.csv,Não inferir cobertura de fluxo a partir desta sonda; suites de domínio/API reportadas separadamente,
POST,/v1/admin/financeiro/categorias,apps/api/src/admin/financeiro.controller.ts,212,FinanceiroController,StaffGuard;PermissaoGuard,'finance.bills_manage',,Sem credencial,401,EVIDENCIAS_PRE_GO_LIVE/rotas-anonimas.csv,Não inferir cobertura de fluxo a partir desta sonda; suites de domínio/API reportadas separadamente,
PUT,/v1/admin/financeiro/categorias/:id,apps/api/src/admin/financeiro.controller.ts,228,FinanceiroController,StaffGuard;PermissaoGuard,'finance.bills_manage',,Sem credencial,401,EVIDENCIAS_PRE_GO_LIVE/rotas-anonimas.csv,Não inferir cobertura de fluxo a partir desta sonda; suites de domínio/API reportadas separadamente,
GET,/v1/admin/financeiro/contas-bancarias,apps/api/src/admin/financeiro.controller.ts,247,FinanceiroController,StaffGuard;PermissaoGuard,'finance.view',,Sem credencial,401,EVIDENCIAS_PRE_GO_LIVE/rotas-anonimas.csv,Não inferir cobertura de fluxo a partir desta sonda; suites de domínio/API reportadas separadamente,
POST,/v1/admin/financeiro/contas-bancarias,apps/api/src/admin/financeiro.controller.ts,253,FinanceiroController,StaffGuard;PermissaoGuard,'finance.bills_manage',,Sem credencial,401,EVIDENCIAS_PRE_GO_LIVE/rotas-anonimas.csv,Não inferir cobertura de fluxo a partir desta sonda; suites de domínio/API reportadas separadamente,
GET,/v1/admin/financeiro/transferencias,apps/api/src/admin/financeiro.controller.ts,277,FinanceiroController,StaffGuard;PermissaoGuard,'finance.view',,Sem credencial,401,EVIDENCIAS_PRE_GO_LIVE/rotas-anonimas.csv,Não inferir cobertura de fluxo a partir desta sonda; suites de domínio/API reportadas separadamente,
POST,/v1/admin/financeiro/transferencias,apps/api/src/admin/financeiro.controller.ts,289,FinanceiroController,StaffGuard;PermissaoGuard,'finance.bills_manage',,Sem credencial,401,EVIDENCIAS_PRE_GO_LIVE/rotas-anonimas.csv,Não inferir cobertura de fluxo a partir desta sonda; suites de domínio/API reportadas separadamente,
GET,/v1/admin/financeiro/clientes/:id/resumo,apps/api/src/admin/financeiro.controller.ts,328,FinanceiroController,StaffGuard;PermissaoGuard,'customers.view';'finance.view',,Sem credencial,401,EVIDENCIAS_PRE_GO_LIVE/rotas-anonimas.csv,Não inferir cobertura de fluxo a partir desta sonda; suites de domínio/API reportadas separadamente,
GET,/v1/admin/financeiro/clientes/:id/fiado,apps/api/src/admin/financeiro.controller.ts,347,FinanceiroController,StaffGuard;PermissaoGuard,'customers.view';'finance.view',,Sem credencial,401,EVIDENCIAS_PRE_GO_LIVE/rotas-anonimas.csv,Não inferir cobertura de fluxo a partir desta sonda; suites de domínio/API reportadas separadamente,
PUT,/v1/admin/financeiro/clientes/:id/limite,apps/api/src/admin/financeiro.controller.ts,366,FinanceiroController,StaffGuard;PermissaoGuard,'finance.credit_limit',,Sem credencial,401,EVIDENCIAS_PRE_GO_LIVE/rotas-anonimas.csv,Não inferir cobertura de fluxo a partir desta sonda; suites de domínio/API reportadas separadamente,
POST,/v1/admin/financeiro/clientes/:id/saldo-inicial,apps/api/src/admin/financeiro.controller.ts,386,FinanceiroController,StaffGuard;PermissaoGuard,'finance.credit_limit',,Sem credencial,401,EVIDENCIAS_PRE_GO_LIVE/rotas-anonimas.csv,Não inferir cobertura de fluxo a partir desta sonda; suites de domínio/API reportadas separadamente,
GET,/v1/admin/fiscal/configuracao,apps/api/src/admin/fiscal.controller.ts,123,FiscalController,StaffGuard;PermissaoGuard,'fiscal.settings','fiscal',Sem credencial,401,EVIDENCIAS_PRE_GO_LIVE/rotas-anonimas.csv,Não inferir cobertura de fluxo a partir desta sonda; suites de domínio/API reportadas separadamente,
PUT,/v1/admin/fiscal/configuracao,apps/api/src/admin/fiscal.controller.ts,142,FiscalController,StaffGuard;PermissaoGuard,'fiscal.settings','fiscal',Sem credencial,401,EVIDENCIAS_PRE_GO_LIVE/rotas-anonimas.csv,Não inferir cobertura de fluxo a partir desta sonda; suites de domínio/API reportadas separadamente,
GET,/v1/admin/fiscal/notas,apps/api/src/admin/fiscal.controller.ts,204,FiscalController,StaffGuard;PermissaoGuard,'fiscal.view';'finance.view','fiscal',Sem credencial,401,EVIDENCIAS_PRE_GO_LIVE/rotas-anonimas.csv,Não inferir cobertura de fluxo a partir desta sonda; suites de domínio/API reportadas separadamente,
GET,/v1/admin/fiscal/notas/comanda/:id,apps/api/src/admin/fiscal.controller.ts,253,FiscalController,StaffGuard;PermissaoGuard,'fiscal.view';'customers.view','fiscal',Sem credencial,401,EVIDENCIAS_PRE_GO_LIVE/rotas-anonimas.csv,Não inferir cobertura de fluxo a partir desta sonda; suites de domínio/API reportadas separadamente,
PUT,/v1/admin/fiscal/tomador/:id,apps/api/src/admin/fiscal.controller.ts,278,FiscalController,StaffGuard;PermissaoGuard,'customers.edit','fiscal',Sem credencial,401,EVIDENCIAS_PRE_GO_LIVE/rotas-anonimas.csv,Não inferir cobertura de fluxo a partir desta sonda; suites de domínio/API reportadas separadamente,
POST,/v1/admin/fiscal/notas/comanda/:id,apps/api/src/admin/fiscal.controller.ts,306,FiscalController,StaffGuard;PermissaoGuard,'fiscal.issue','fiscal',Sem credencial,401,EVIDENCIAS_PRE_GO_LIVE/rotas-anonimas.csv,Não inferir cobertura de fluxo a partir desta sonda; suites de domínio/API reportadas separadamente,
POST,/v1/admin/fiscal/notas/:id/cancelar,apps/api/src/admin/fiscal.controller.ts,330,FiscalController,StaffGuard;PermissaoGuard,'fiscal.issue','fiscal',Sem credencial,401,EVIDENCIAS_PRE_GO_LIVE/rotas-anonimas.csv,Não inferir cobertura de fluxo a partir desta sonda; suites de domínio/API reportadas separadamente,
GET,/v1/admin/franquia/padrao,apps/api/src/admin/franquia.controller.ts,71,FranquiaController,StaffGuard;PermissaoGuard,'settings.manage',,Sem credencial,401,EVIDENCIAS_PRE_GO_LIVE/rotas-anonimas.csv,Não inferir cobertura de fluxo a partir desta sonda; suites de domínio/API reportadas separadamente,
POST,/v1/admin/franquia/padrao,apps/api/src/admin/franquia.controller.ts,79,FranquiaController,StaffGuard;PermissaoGuard,'franchise.manage',,Sem credencial,401,EVIDENCIAS_PRE_GO_LIVE/rotas-anonimas.csv,Não inferir cobertura de fluxo a partir desta sonda; suites de domínio/API reportadas separadamente,
DELETE,/v1/admin/franquia/padrao/:itemId,apps/api/src/admin/franquia.controller.ts,109,FranquiaController,StaffGuard;PermissaoGuard,'franchise.manage',,Sem credencial,401,EVIDENCIAS_PRE_GO_LIVE/rotas-anonimas.csv,Não inferir cobertura de fluxo a partir desta sonda; suites de domínio/API reportadas separadamente,
POST,/v1/admin/franquia/adocao,apps/api/src/admin/franquia.controller.ts,133,FranquiaController,StaffGuard;PermissaoGuard,'settings.manage',,Sem credencial,401,EVIDENCIAS_PRE_GO_LIVE/rotas-anonimas.csv,Não inferir cobertura de fluxo a partir desta sonda; suites de domínio/API reportadas separadamente,
GET,/v1/admin/imports,apps/api/src/admin/importacao.controller.ts,84,ImportacaoController,StaffGuard;PermissaoGuard,'customers.edit','importacao',Sem credencial,401,EVIDENCIAS_PRE_GO_LIVE/rotas-anonimas.csv,Não inferir cobertura de fluxo a partir desta sonda; suites de domínio/API reportadas separadamente,
GET,/v1/admin/imports/:id,apps/api/src/admin/importacao.controller.ts,92,ImportacaoController,StaffGuard;PermissaoGuard,'customers.edit','importacao',Sem credencial,401,EVIDENCIAS_PRE_GO_LIVE/rotas-anonimas.csv,Não inferir cobertura de fluxo a partir desta sonda; suites de domínio/API reportadas separadamente,
POST,/v1/admin/imports,apps/api/src/admin/importacao.controller.ts,113,ImportacaoController,StaffGuard;PermissaoGuard,'customers.edit','importacao',Sem credencial,401,EVIDENCIAS_PRE_GO_LIVE/rotas-anonimas.csv,Não inferir cobertura de fluxo a partir desta sonda; suites de domínio/API reportadas separadamente,
POST,/v1/admin/imports/:id/conflicts,apps/api/src/admin/importacao.controller.ts,138,ImportacaoController,StaffGuard;PermissaoGuard,'customers.edit','importacao',Sem credencial,401,EVIDENCIAS_PRE_GO_LIVE/rotas-anonimas.csv,Não inferir cobertura de fluxo a partir desta sonda; suites de domínio/API reportadas separadamente,
POST,/v1/admin/imports/:id/apply,apps/api/src/admin/importacao.controller.ts,164,ImportacaoController,StaffGuard;PermissaoGuard,'customers.edit','importacao',Sem credencial,401,EVIDENCIAS_PRE_GO_LIVE/rotas-anonimas.csv,Não inferir cobertura de fluxo a partir desta sonda; suites de domínio/API reportadas separadamente,
POST,/v1/admin/imports/:id/revert,apps/api/src/admin/importacao.controller.ts,186,ImportacaoController,StaffGuard;PermissaoGuard,'customers.edit','importacao',Sem credencial,401,EVIDENCIAS_PRE_GO_LIVE/rotas-anonimas.csv,Não inferir cobertura de fluxo a partir desta sonda; suites de domínio/API reportadas separadamente,
GET,/v1/admin/slugs,apps/api/src/admin/importacao.controller.ts,208,ImportacaoController,StaffGuard;PermissaoGuard,'settings.manage',,Sem credencial,401,EVIDENCIAS_PRE_GO_LIVE/rotas-anonimas.csv,Não inferir cobertura de fluxo a partir desta sonda; suites de domínio/API reportadas separadamente,
POST,/v1/admin/slugs,apps/api/src/admin/importacao.controller.ts,214,ImportacaoController,StaffGuard;PermissaoGuard,'settings.manage',,Sem credencial,401,EVIDENCIAS_PRE_GO_LIVE/rotas-anonimas.csv,Não inferir cobertura de fluxo a partir desta sonda; suites de domínio/API reportadas separadamente,
GET,/v1/admin/insights,apps/api/src/admin/insight.controller.ts,69,InsightController,StaffGuard;PermissaoGuard,'appointments.view_all_professionals';'customers.view';'customers.view_notes';'finance.view';'inventory.view',,Sem credencial,401,EVIDENCIAS_PRE_GO_LIVE/rotas-anonimas.csv,Não inferir cobertura de fluxo a partir desta sonda; suites de domínio/API reportadas separadamente,
GET,/v1/admin/customers/:id/consentimentos,apps/api/src/admin/lgpd.controller.ts,77,LgpdController,StaffGuard;PermissaoGuard,'customers.view',,Sem credencial,401,EVIDENCIAS_PRE_GO_LIVE/rotas-anonimas.csv,Não inferir cobertura de fluxo a partir desta sonda; suites de domínio/API reportadas separadamente,
PUT,/v1/admin/customers/:id/consentimentos,apps/api/src/admin/lgpd.controller.ts,111,LgpdController,StaffGuard;PermissaoGuard,'customers.edit',,Sem credencial,401,EVIDENCIAS_PRE_GO_LIVE/rotas-anonimas.csv,Não inferir cobertura de fluxo a partir desta sonda; suites de domínio/API reportadas separadamente,
GET,/v1/admin/customers/:id/dados,apps/api/src/admin/lgpd.controller.ts,197,LgpdController,StaffGuard;PermissaoGuard,'customers.export';'finance.view';'customers.view_notes';'feedback.view';'customers.view_photos',,Sem credencial,401,EVIDENCIAS_PRE_GO_LIVE/rotas-anonimas.csv,Não inferir cobertura de fluxo a partir desta sonda; suites de domínio/API reportadas separadamente,
GET,/v1/admin/customers/lgpd/retencao,apps/api/src/admin/lgpd.controller.ts,241,LgpdController,StaffGuard;PermissaoGuard,'settings.manage';'customers.view',,Sem credencial,401,EVIDENCIAS_PRE_GO_LIVE/rotas-anonimas.csv,Não inferir cobertura de fluxo a partir desta sonda; suites de domínio/API reportadas separadamente,
GET,/v1/admin/customers/lgpd/pedidos,apps/api/src/admin/lgpd.controller.ts,258,LgpdController,StaffGuard;PermissaoGuard,'settings.manage',,Sem credencial,401,EVIDENCIAS_PRE_GO_LIVE/rotas-anonimas.csv,Não inferir cobertura de fluxo a partir desta sonda; suites de domínio/API reportadas separadamente,
POST,/v1/admin/customers/:id/lgpd/pedidos,apps/api/src/admin/lgpd.controller.ts,276,LgpdController,StaffGuard;PermissaoGuard,'customers.edit',,Sem credencial,401,EVIDENCIAS_PRE_GO_LIVE/rotas-anonimas.csv,Não inferir cobertura de fluxo a partir desta sonda; suites de domínio/API reportadas separadamente,
PUT,/v1/admin/customers/lgpd/pedidos/:pedidoId,apps/api/src/admin/lgpd.controller.ts,295,LgpdController,StaffGuard;PermissaoGuard,'settings.manage',,Sem credencial,401,EVIDENCIAS_PRE_GO_LIVE/rotas-anonimas.csv,Não inferir cobertura de fluxo a partir desta sonda; suites de domínio/API reportadas separadamente,
POST,/v1/admin/customers/:id/anonimizar,apps/api/src/admin/lgpd.controller.ts,337,LgpdController,StaffGuard;PermissaoGuard,'customers.anonymize',,Sem credencial,401,EVIDENCIAS_PRE_GO_LIVE/rotas-anonimas.csv,Não inferir cobertura de fluxo a partir desta sonda; suites de domínio/API reportadas separadamente,
GET,/v1/admin/metricas,apps/api/src/admin/metrica.controller.ts,82,MetricaController,StaffGuard;PermissaoGuard,'appointments.view',,Sem credencial,401,EVIDENCIAS_PRE_GO_LIVE/rotas-anonimas.csv,Não inferir cobertura de fluxo a partir desta sonda; suites de domínio/API reportadas separadamente,
POST,/v1/admin/metricas/conversar,apps/api/src/admin/metrica.controller.ts,122,MetricaController,StaffGuard;PermissaoGuard,'appointments.view',,Sem credencial,401,EVIDENCIAS_PRE_GO_LIVE/rotas-anonimas.csv,Não inferir cobertura de fluxo a partir desta sonda; suites de domínio/API reportadas separadamente,
POST,/v1/admin/metricas/perguntar,apps/api/src/admin/metrica.controller.ts,153,MetricaController,StaffGuard;PermissaoGuard,'appointments.view',,Sem credencial,401,EVIDENCIAS_PRE_GO_LIVE/rotas-anonimas.csv,Não inferir cobertura de fluxo a partir desta sonda; suites de domínio/API reportadas separadamente,
GET,/v1/admin/mfa,apps/api/src/admin/mfa.controller.ts,57,MfaController,StaffGuard;PermissaoGuard,,,Sem credencial,401,EVIDENCIAS_PRE_GO_LIVE/rotas-anonimas.csv,Não inferir cobertura de fluxo a partir desta sonda; suites de domínio/API reportadas separadamente,
POST,/v1/admin/mfa/setup,apps/api/src/admin/mfa.controller.ts,94,MfaController,StaffGuard;PermissaoGuard,,,Sem credencial,401,EVIDENCIAS_PRE_GO_LIVE/rotas-anonimas.csv,Não inferir cobertura de fluxo a partir desta sonda; suites de domínio/API reportadas separadamente,
POST,/v1/admin/mfa/confirm,apps/api/src/admin/mfa.controller.ts,108,MfaController,StaffGuard;PermissaoGuard,,,Sem credencial,401,EVIDENCIAS_PRE_GO_LIVE/rotas-anonimas.csv,Não inferir cobertura de fluxo a partir desta sonda; suites de domínio/API reportadas separadamente,
POST,/v1/admin/mfa/verify,apps/api/src/admin/mfa.controller.ts,128,MfaController,StaffGuard;PermissaoGuard,,,Sem credencial,401,EVIDENCIAS_PRE_GO_LIVE/rotas-anonimas.csv,Não inferir cobertura de fluxo a partir desta sonda; suites de domínio/API reportadas separadamente,
PUT,/v1/admin/mfa/policy,apps/api/src/admin/mfa.controller.ts,172,MfaController,StaffGuard;PermissaoGuard,'team.manage',,Sem credencial,401,EVIDENCIAS_PRE_GO_LIVE/rotas-anonimas.csv,Não inferir cobertura de fluxo a partir desta sonda; suites de domínio/API reportadas separadamente,
POST,/v1/admin/mfa/disable,apps/api/src/admin/mfa.controller.ts,217,MfaController,StaffGuard;PermissaoGuard,,,Sem credencial,401,EVIDENCIAS_PRE_GO_LIVE/rotas-anonimas.csv,Não inferir cobertura de fluxo a partir desta sonda; suites de domínio/API reportadas separadamente,
GET,/v1/admin/unidades,apps/api/src/admin/multiunidade.controller.ts,101,MultiunidadeController,StaffGuard;PermissaoGuard,,,Sem credencial,401,EVIDENCIAS_PRE_GO_LIVE/rotas-anonimas.csv,Não inferir cobertura de fluxo a partir desta sonda; suites de domínio/API reportadas separadamente,
POST,/v1/admin/unidades/escolher,apps/api/src/admin/multiunidade.controller.ts,107,MultiunidadeController,StaffGuard;PermissaoGuard,,,Sem credencial,401,EVIDENCIAS_PRE_GO_LIVE/rotas-anonimas.csv,Não inferir cobertura de fluxo a partir desta sonda; suites de domínio/API reportadas separadamente,
GET,/v1/admin/unidades/cadastro,apps/api/src/admin/multiunidade.controller.ts,134,MultiunidadeController,StaffGuard;PermissaoGuard,'settings.manage',,Sem credencial,401,EVIDENCIAS_PRE_GO_LIVE/rotas-anonimas.csv,Não inferir cobertura de fluxo a partir desta sonda; suites de domínio/API reportadas separadamente,
POST,/v1/admin/unidades/cadastro,apps/api/src/admin/multiunidade.controller.ts,140,MultiunidadeController,StaffGuard;PermissaoGuard,'settings.manage',,Sem credencial,401,EVIDENCIAS_PRE_GO_LIVE/rotas-anonimas.csv,Não inferir cobertura de fluxo a partir desta sonda; suites de domínio/API reportadas separadamente,
POST,/v1/admin/unidades/cadastro/:id,apps/api/src/admin/multiunidade.controller.ts,162,MultiunidadeController,StaffGuard;PermissaoGuard,'settings.manage',,Sem credencial,401,EVIDENCIAS_PRE_GO_LIVE/rotas-anonimas.csv,Não inferir cobertura de fluxo a partir desta sonda; suites de domínio/API reportadas separadamente,
GET,/v1/admin/unidades/equipe,apps/api/src/admin/multiunidade.controller.ts,188,MultiunidadeController,StaffGuard;PermissaoGuard,'team.manage';'settings.manage',,Sem credencial,401,EVIDENCIAS_PRE_GO_LIVE/rotas-anonimas.csv,Não inferir cobertura de fluxo a partir desta sonda; suites de domínio/API reportadas separadamente,
POST,/v1/admin/unidades/equipe/:id,apps/api/src/admin/multiunidade.controller.ts,208,MultiunidadeController,StaffGuard;PermissaoGuard,'team.manage';'settings.manage',,Sem credencial,401,EVIDENCIAS_PRE_GO_LIVE/rotas-anonimas.csv,Não inferir cobertura de fluxo a partir desta sonda; suites de domínio/API reportadas separadamente,
GET,/v1/admin/estoque/transferencias,apps/api/src/admin/multiunidade.controller.ts,230,MultiunidadeController,StaffGuard;PermissaoGuard,'inventory.adjust',,Sem credencial,401,EVIDENCIAS_PRE_GO_LIVE/rotas-anonimas.csv,Não inferir cobertura de fluxo a partir desta sonda; suites de domínio/API reportadas separadamente,
POST,/v1/admin/estoque/transferencias,apps/api/src/admin/multiunidade.controller.ts,257,MultiunidadeController,StaffGuard;PermissaoGuard,'inventory.adjust',,Sem credencial,401,EVIDENCIAS_PRE_GO_LIVE/rotas-anonimas.csv,Não inferir cobertura de fluxo a partir desta sonda; suites de domínio/API reportadas separadamente,
GET,/v1/admin/pacotes/catalogo,apps/api/src/admin/pacote.controller.ts,61,PacoteController,StaffGuard;PermissaoGuard,'appointments.view',,Sem credencial,401,EVIDENCIAS_PRE_GO_LIVE/rotas-anonimas.csv,Não inferir cobertura de fluxo a partir desta sonda; suites de domínio/API reportadas separadamente,
PUT,/v1/admin/pacotes/catalogo,apps/api/src/admin/pacote.controller.ts,67,PacoteController,StaffGuard;PermissaoGuard,'settings.manage',,Sem credencial,401,EVIDENCIAS_PRE_GO_LIVE/rotas-anonimas.csv,Não inferir cobertura de fluxo a partir desta sonda; suites de domínio/API reportadas separadamente,
PUT,/v1/admin/pacotes/catalogo/:id,apps/api/src/admin/pacote.controller.ts,92,PacoteController,StaffGuard;PermissaoGuard,'settings.manage',,Sem credencial,401,EVIDENCIAS_PRE_GO_LIVE/rotas-anonimas.csv,Não inferir cobertura de fluxo a partir desta sonda; suites de domínio/API reportadas separadamente,
GET,/v1/admin/pacotes/clientes/:id,apps/api/src/admin/pacote.controller.ts,119,PacoteController,StaffGuard;PermissaoGuard,'customers.view';'finance.view',,Sem credencial,401,EVIDENCIAS_PRE_GO_LIVE/rotas-anonimas.csv,Não inferir cobertura de fluxo a partir desta sonda; suites de domínio/API reportadas separadamente,
POST,/v1/admin/pacotes/clientes/pacotes/:id/reembolsar,apps/api/src/admin/pacote.controller.ts,135,PacoteController,StaffGuard;PermissaoGuard,'finance.package_refund',,Sem credencial,401,EVIDENCIAS_PRE_GO_LIVE/rotas-anonimas.csv,Não inferir cobertura de fluxo a partir desta sonda; suites de domínio/API reportadas separadamente,
GET,/v1/admin/pacotes/receita,apps/api/src/admin/pacote.controller.ts,167,PacoteController,StaffGuard;PermissaoGuard,'finance.view',,Sem credencial,401,EVIDENCIAS_PRE_GO_LIVE/rotas-anonimas.csv,Não inferir cobertura de fluxo a partir desta sonda; suites de domínio/API reportadas separadamente,
GET,/v1/admin/dashboard,apps/api/src/admin/painel.controller.ts,92,PainelController,StaffGuard;PermissaoGuard,'reports.operational',,Sem credencial,401,EVIDENCIAS_PRE_GO_LIVE/rotas-anonimas.csv,Não inferir cobertura de fluxo a partir desta sonda; suites de domínio/API reportadas separadamente,
GET,/v1/admin/dashboard/revenue,apps/api/src/admin/painel.controller.ts,107,PainelController,StaffGuard;PermissaoGuard,'finance.view',,Sem credencial,401,EVIDENCIAS_PRE_GO_LIVE/rotas-anonimas.csv,Não inferir cobertura de fluxo a partir desta sonda; suites de domínio/API reportadas separadamente,
GET,/v1/admin/catalog/diagnosis,apps/api/src/admin/painel.controller.ts,121,PainelController,StaffGuard;PermissaoGuard,'settings.manage',,Sem credencial,401,EVIDENCIAS_PRE_GO_LIVE/rotas-anonimas.csv,Não inferir cobertura de fluxo a partir desta sonda; suites de domínio/API reportadas separadamente,
GET,/v1/admin/audit,apps/api/src/admin/painel.controller.ts,129,PainelController,StaffGuard;PermissaoGuard,'settings.manage',,Sem credencial,401,EVIDENCIAS_PRE_GO_LIVE/rotas-anonimas.csv,Não inferir cobertura de fluxo a partir desta sonda; suites de domínio/API reportadas separadamente,
GET,/v1/admin/audit/finance,apps/api/src/admin/painel.controller.ts,144,PainelController,StaffGuard;PermissaoGuard,'finance.view',,Sem credencial,401,EVIDENCIAS_PRE_GO_LIVE/rotas-anonimas.csv,Não inferir cobertura de fluxo a partir desta sonda; suites de domínio/API reportadas separadamente,
GET,/v1/admin/plano,apps/api/src/admin/plano.controller.ts,67,PlanoController,StaffGuard;PermissaoGuard,'settings.manage',,Sem credencial,401,EVIDENCIAS_PRE_GO_LIVE/rotas-anonimas.csv,Não inferir cobertura de fluxo a partir desta sonda; suites de domínio/API reportadas separadamente,
GET,/v1/admin/plano/opcoes,apps/api/src/admin/plano.controller.ts,130,PlanoController,StaffGuard;PermissaoGuard,'settings.manage',,Sem credencial,401,EVIDENCIAS_PRE_GO_LIVE/rotas-anonimas.csv,Não inferir cobertura de fluxo a partir desta sonda; suites de domínio/API reportadas separadamente,
GET,/v1/admin/plano/marketplace,apps/api/src/admin/plano.controller.ts,166,PlanoController,StaffGuard;PermissaoGuard,'settings.manage';'customers.view',,Sem credencial,401,EVIDENCIAS_PRE_GO_LIVE/rotas-anonimas.csv,Não inferir cobertura de fluxo a partir desta sonda; suites de domínio/API reportadas separadamente,
POST,/v1/admin/plano/marketplace/:id/contestar,apps/api/src/admin/plano.controller.ts,199,PlanoController,StaffGuard;PermissaoGuard,'settings.manage',,Sem credencial,401,EVIDENCIAS_PRE_GO_LIVE/rotas-anonimas.csv,Não inferir cobertura de fluxo a partir desta sonda; suites de domínio/API reportadas separadamente,
GET,/v1/admin/plano/faturas,apps/api/src/admin/plano.controller.ts,223,PlanoController,StaffGuard;PermissaoGuard,'settings.manage',,Sem credencial,401,EVIDENCIAS_PRE_GO_LIVE/rotas-anonimas.csv,Não inferir cobertura de fluxo a partir desta sonda; suites de domínio/API reportadas separadamente,
POST,/v1/admin/plano,apps/api/src/admin/plano.controller.ts,250,PlanoController,StaffGuard;PermissaoGuard,'settings.manage',,Sem credencial,401,EVIDENCIAS_PRE_GO_LIVE/rotas-anonimas.csv,Não inferir cobertura de fluxo a partir desta sonda; suites de domínio/API reportadas separadamente,
GET,/v1/admin/precificacao,apps/api/src/admin/precificacao.controller.ts,44,PrecificacaoController,StaffGuard;PermissaoGuard,'settings.manage',,Sem credencial,401,EVIDENCIAS_PRE_GO_LIVE/rotas-anonimas.csv,Não inferir cobertura de fluxo a partir desta sonda; suites de domínio/API reportadas separadamente,
PUT,/v1/admin/precificacao/ligado,apps/api/src/admin/precificacao.controller.ts,59,PrecificacaoController,StaffGuard;PermissaoGuard,'settings.manage',,Sem credencial,401,EVIDENCIAS_PRE_GO_LIVE/rotas-anonimas.csv,Não inferir cobertura de fluxo a partir desta sonda; suites de domínio/API reportadas separadamente,
POST,/v1/admin/precificacao/faixas,apps/api/src/admin/precificacao.controller.ts,70,PrecificacaoController,StaffGuard;PermissaoGuard,'settings.manage',,Sem credencial,401,EVIDENCIAS_PRE_GO_LIVE/rotas-anonimas.csv,Não inferir cobertura de fluxo a partir desta sonda; suites de domínio/API reportadas separadamente,
DELETE,/v1/admin/precificacao/faixas/:id,apps/api/src/admin/precificacao.controller.ts,101,PrecificacaoController,StaffGuard;PermissaoGuard,'settings.manage',,Sem credencial,401,EVIDENCIAS_PRE_GO_LIVE/rotas-anonimas.csv,Não inferir cobertura de fluxo a partir desta sonda; suites de domínio/API reportadas separadamente,
GET,/v1/admin/precificacao/recomendacoes,apps/api/src/admin/precificacao.controller.ts,130,PrecificacaoController,StaffGuard;PermissaoGuard,'settings.manage';'finance.view',,Sem credencial,401,EVIDENCIAS_PRE_GO_LIVE/rotas-anonimas.csv,Não inferir cobertura de fluxo a partir desta sonda; suites de domínio/API reportadas separadamente,
GET,/v1/admin/pro/me,apps/api/src/admin/pro.controller.ts,59,ProController,StaffGuard;PermissaoGuard,'commission.view_own',,Sem credencial,401,EVIDENCIAS_PRE_GO_LIVE/rotas-anonimas.csv,Não inferir cobertura de fluxo a partir desta sonda; suites de domínio/API reportadas separadamente,
GET,/v1/admin/pro/goals,apps/api/src/admin/pro.controller.ts,109,ProController,StaffGuard;PermissaoGuard,'settings.manage',,Sem credencial,401,EVIDENCIAS_PRE_GO_LIVE/rotas-anonimas.csv,Não inferir cobertura de fluxo a partir desta sonda; suites de domínio/API reportadas separadamente,
PUT,/v1/admin/pro/goals,apps/api/src/admin/pro.controller.ts,120,ProController,StaffGuard;PermissaoGuard,'settings.manage',,Sem credencial,401,EVIDENCIAS_PRE_GO_LIVE/rotas-anonimas.csv,Não inferir cobertura de fluxo a partir desta sonda; suites de domínio/API reportadas separadamente,
GET,/v1/admin/recados,apps/api/src/admin/recado.controller.ts,57,RecadoController,StaffGuard;PermissaoGuard,'feedback.view';'customers.view',,Sem credencial,401,EVIDENCIAS_PRE_GO_LIVE/rotas-anonimas.csv,Não inferir cobertura de fluxo a partir desta sonda; suites de domínio/API reportadas separadamente,
POST,/v1/admin/recados/:id/assumir,apps/api/src/admin/recado.controller.ts,84,RecadoController,StaffGuard;PermissaoGuard,'feedback.manage',,Sem credencial,401,EVIDENCIAS_PRE_GO_LIVE/rotas-anonimas.csv,Não inferir cobertura de fluxo a partir desta sonda; suites de domínio/API reportadas separadamente,
POST,/v1/admin/recados/:id/devolver,apps/api/src/admin/recado.controller.ts,106,RecadoController,StaffGuard;PermissaoGuard,'feedback.manage',,Sem credencial,401,EVIDENCIAS_PRE_GO_LIVE/rotas-anonimas.csv,Não inferir cobertura de fluxo a partir desta sonda; suites de domínio/API reportadas separadamente,
POST,/v1/admin/recados/:id/responder,apps/api/src/admin/recado.controller.ts,127,RecadoController,StaffGuard;PermissaoGuard,'feedback.manage',,Sem credencial,401,EVIDENCIAS_PRE_GO_LIVE/rotas-anonimas.csv,Não inferir cobertura de fluxo a partir desta sonda; suites de domínio/API reportadas separadamente,
POST,/v1/admin/recados/:id/encerrar,apps/api/src/admin/recado.controller.ts,148,RecadoController,StaffGuard;PermissaoGuard,'feedback.manage',,Sem credencial,401,EVIDENCIAS_PRE_GO_LIVE/rotas-anonimas.csv,Não inferir cobertura de fluxo a partir desta sonda; suites de domínio/API reportadas separadamente,
GET,/v1/admin/recepcao/lacunas,apps/api/src/admin/recepcao.controller.ts,32,RecepcaoController,StaffGuard;PermissaoGuard,'feedback.view',,Sem credencial,401,EVIDENCIAS_PRE_GO_LIVE/rotas-anonimas.csv,Não inferir cobertura de fluxo a partir desta sonda; suites de domínio/API reportadas separadamente,
POST,/v1/admin/recepcao/lacunas/:id/resolver,apps/api/src/admin/recepcao.controller.ts,50,RecepcaoController,StaffGuard;PermissaoGuard,'feedback.manage',,Sem credencial,401,EVIDENCIAS_PRE_GO_LIVE/rotas-anonimas.csv,Não inferir cobertura de fluxo a partir desta sonda; suites de domínio/API reportadas separadamente,
GET,/v1/admin/rede/consolidado,apps/api/src/admin/rede.controller.ts,57,RedeController,StaffGuard;PermissaoGuard,'finance.view',,Sem credencial,401,EVIDENCIAS_PRE_GO_LIVE/rotas-anonimas.csv,Não inferir cobertura de fluxo a partir desta sonda; suites de domínio/API reportadas separadamente,
GET,/v1/admin/rede/meu-lugar,apps/api/src/admin/rede.controller.ts,70,RedeController,StaffGuard;PermissaoGuard,'finance.view',,Sem credencial,401,EVIDENCIAS_PRE_GO_LIVE/rotas-anonimas.csv,Não inferir cobertura de fluxo a partir desta sonda; suites de domínio/API reportadas separadamente,
GET,/v1/admin/rede/metas,apps/api/src/admin/rede.controller.ts,83,RedeController,StaffGuard;PermissaoGuard,'finance.view',,Sem credencial,401,EVIDENCIAS_PRE_GO_LIVE/rotas-anonimas.csv,Não inferir cobertura de fluxo a partir desta sonda; suites de domínio/API reportadas separadamente,
PUT,/v1/admin/rede/metas,apps/api/src/admin/rede.controller.ts,97,RedeController,StaffGuard;PermissaoGuard,'finance.view';'franchise.manage',,Sem credencial,401,EVIDENCIAS_PRE_GO_LIVE/rotas-anonimas.csv,Não inferir cobertura de fluxo a partir desta sonda; suites de domínio/API reportadas separadamente,
GET,/v1/admin/segments,apps/api/src/admin/segmento.controller.ts,24,SegmentoController,StaffGuard;PermissaoGuard,'customers.view';'customers.view_notes',,Sem credencial,401,EVIDENCIAS_PRE_GO_LIVE/rotas-anonimas.csv,Não inferir cobertura de fluxo a partir desta sonda; suites de domínio/API reportadas separadamente,
GET,/v1/admin/sessoes,apps/api/src/admin/sessoes.controller.ts,38,SessoesController,StaffGuard;PermissaoGuard,'settings.manage',,Sem credencial,401,EVIDENCIAS_PRE_GO_LIVE/rotas-anonimas.csv,Não inferir cobertura de fluxo a partir desta sonda; suites de domínio/API reportadas separadamente,
DELETE,/v1/admin/sessoes/:id,apps/api/src/admin/sessoes.controller.ts,72,SessoesController,StaffGuard;PermissaoGuard,'settings.manage',,Sem credencial,401,EVIDENCIAS_PRE_GO_LIVE/rotas-anonimas.csv,Não inferir cobertura de fluxo a partir desta sonda; suites de domínio/API reportadas separadamente,
DELETE,/v1/admin/sessoes/suporte/tudo,apps/api/src/admin/sessoes.controller.ts,99,SessoesController,StaffGuard;PermissaoGuard,'settings.manage',,Sem credencial,401,EVIDENCIAS_PRE_GO_LIVE/rotas-anonimas.csv,Não inferir cobertura de fluxo a partir desta sonda; suites de domínio/API reportadas separadamente,
GET,/v1/admin/appointments/:id/deposit,apps/api/src/admin/sinal.controller.ts,69,SinalController,StaffGuard;PermissaoGuard,'finance.deposit',,Sem credencial,401,EVIDENCIAS_PRE_GO_LIVE/rotas-anonimas.csv,Não inferir cobertura de fluxo a partir desta sonda; suites de domínio/API reportadas separadamente,
POST,/v1/admin/appointments/:id/deposit,apps/api/src/admin/sinal.controller.ts,83,SinalController,StaffGuard;PermissaoGuard,'finance.deposit',,Sem credencial,401,EVIDENCIAS_PRE_GO_LIVE/rotas-anonimas.csv,Não inferir cobertura de fluxo a partir desta sonda; suites de domínio/API reportadas separadamente,
DELETE,/v1/admin/appointments/:id/deposit,apps/api/src/admin/sinal.controller.ts,107,SinalController,StaffGuard;PermissaoGuard,'finance.deposit',,Sem credencial,401,EVIDENCIAS_PRE_GO_LIVE/rotas-anonimas.csv,Não inferir cobertura de fluxo a partir desta sonda; suites de domínio/API reportadas separadamente,
GET,/v1/admin/customers/:id/reliability,apps/api/src/admin/sinal.controller.ts,131,SinalController,StaffGuard;PermissaoGuard,'finance.deposit',,Sem credencial,401,EVIDENCIAS_PRE_GO_LIVE/rotas-anonimas.csv,Não inferir cobertura de fluxo a partir desta sonda; suites de domínio/API reportadas separadamente,
PUT,/v1/admin/customers/:id/reliability,apps/api/src/admin/sinal.controller.ts,141,SinalController,StaffGuard;PermissaoGuard,'customers.reliability_override',,Sem credencial,401,EVIDENCIAS_PRE_GO_LIVE/rotas-anonimas.csv,Não inferir cobertura de fluxo a partir desta sonda; suites de domínio/API reportadas separadamente,
GET,/v1/admin/split,apps/api/src/admin/split.controller.ts,87,SplitController,StaffGuard;PermissaoGuard,'commission.view_all',,Sem credencial,401,EVIDENCIAS_PRE_GO_LIVE/rotas-anonimas.csv,Não inferir cobertura de fluxo a partir desta sonda; suites de domínio/API reportadas separadamente,
GET,/v1/admin/split/meus,apps/api/src/admin/split.controller.ts,111,SplitController,StaffGuard;PermissaoGuard,'commission.view_own',,Sem credencial,401,EVIDENCIAS_PRE_GO_LIVE/rotas-anonimas.csv,Não inferir cobertura de fluxo a partir desta sonda; suites de domínio/API reportadas separadamente,
GET,/v1/admin/split/venda/:id,apps/api/src/admin/split.controller.ts,130,SplitController,StaffGuard;PermissaoGuard,'commission.view_all',,Sem credencial,401,EVIDENCIAS_PRE_GO_LIVE/rotas-anonimas.csv,Não inferir cobertura de fluxo a partir desta sonda; suites de domínio/API reportadas separadamente,
GET,/v1/admin/split/recebedores,apps/api/src/admin/split.controller.ts,150,SplitController,StaffGuard;PermissaoGuard,'commission.view_all',,Sem credencial,401,EVIDENCIAS_PRE_GO_LIVE/rotas-anonimas.csv,Não inferir cobertura de fluxo a partir desta sonda; suites de domínio/API reportadas separadamente,
PUT,/v1/admin/split/recebedores/:id,apps/api/src/admin/split.controller.ts,164,SplitController,StaffGuard;PermissaoGuard,'finance.split_manage',,Sem credencial,401,EVIDENCIAS_PRE_GO_LIVE/rotas-anonimas.csv,Não inferir cobertura de fluxo a partir desta sonda; suites de domínio/API reportadas separadamente,
PUT,/v1/admin/split/configuracao,apps/api/src/admin/split.controller.ts,197,SplitController,StaffGuard;PermissaoGuard,'finance.split_manage',,Sem credencial,401,EVIDENCIAS_PRE_GO_LIVE/rotas-anonimas.csv,Não inferir cobertura de fluxo a partir desta sonda; suites de domínio/API reportadas separadamente,
GET,/v1/admin/team,apps/api/src/admin/team.controller.ts,89,TeamController,StaffGuard;PermissaoGuard,'team.manage',,Sem credencial,401,EVIDENCIAS_PRE_GO_LIVE/rotas-anonimas.csv,Não inferir cobertura de fluxo a partir desta sonda; suites de domínio/API reportadas separadamente,
PUT,/v1/admin/team/permissoes/:papel,apps/api/src/admin/team.controller.ts,112,TeamController,StaffGuard;PermissaoGuard,'team.manage',,Sem credencial,401,EVIDENCIAS_PRE_GO_LIVE/rotas-anonimas.csv,Não inferir cobertura de fluxo a partir desta sonda; suites de domínio/API reportadas separadamente,
POST,/v1/admin/team,apps/api/src/admin/team.controller.ts,142,TeamController,StaffGuard;PermissaoGuard,'team.manage',,Sem credencial,401,EVIDENCIAS_PRE_GO_LIVE/rotas-anonimas.csv,Não inferir cobertura de fluxo a partir desta sonda; suites de domínio/API reportadas separadamente,
PUT,/v1/admin/team/:id/role,apps/api/src/admin/team.controller.ts,168,TeamController,StaffGuard;PermissaoGuard,'team.manage',,Sem credencial,401,EVIDENCIAS_PRE_GO_LIVE/rotas-anonimas.csv,Não inferir cobertura de fluxo a partir desta sonda; suites de domínio/API reportadas separadamente,
PUT,/v1/admin/team/:id/active,apps/api/src/admin/team.controller.ts,191,TeamController,StaffGuard;PermissaoGuard,'team.manage',,Sem credencial,401,EVIDENCIAS_PRE_GO_LIVE/rotas-anonimas.csv,Não inferir cobertura de fluxo a partir desta sonda; suites de domínio/API reportadas separadamente,
POST,/v1/admin/team/:id/reset-password,apps/api/src/admin/team.controller.ts,213,TeamController,StaffGuard;PermissaoGuard,'team.manage',,Sem credencial,401,EVIDENCIAS_PRE_GO_LIVE/rotas-anonimas.csv,Não inferir cobertura de fluxo a partir desta sonda; suites de domínio/API reportadas separadamente,
POST,/v1/admin/team/invite,apps/api/src/admin/team.controller.ts,242,TeamController,StaffGuard;PermissaoGuard,'team.manage',,Sem credencial,401,EVIDENCIAS_PRE_GO_LIVE/rotas-anonimas.csv,Não inferir cobertura de fluxo a partir desta sonda; suites de domínio/API reportadas separadamente,
GET,/v1/admin/me,apps/api/src/admin/team.controller.ts,280,MeController,StaffGuard;PermissaoGuard,,,Sem credencial,401,EVIDENCIAS_PRE_GO_LIVE/rotas-anonimas.csv,Não inferir cobertura de fluxo a partir desta sonda; suites de domínio/API reportadas separadamente,
PUT,/v1/admin/me/password,apps/api/src/admin/team.controller.ts,291,MeController,StaffGuard;PermissaoGuard,,,Sem credencial,401,EVIDENCIAS_PRE_GO_LIVE/rotas-anonimas.csv,Não inferir cobertura de fluxo a partir desta sonda; suites de domínio/API reportadas separadamente,
GET,/v1/admin/webhooks,apps/api/src/admin/webhooks.controller.ts,54,WebhooksController,StaffGuard;PermissaoGuard,'team.manage',,Sem credencial,401,EVIDENCIAS_PRE_GO_LIVE/rotas-anonimas.csv,Não inferir cobertura de fluxo a partir desta sonda; suites de domínio/API reportadas separadamente,
POST,/v1/admin/webhooks,apps/api/src/admin/webhooks.controller.ts,64,WebhooksController,StaffGuard;PermissaoGuard,'team.manage',,Sem credencial,401,EVIDENCIAS_PRE_GO_LIVE/rotas-anonimas.csv,Não inferir cobertura de fluxo a partir desta sonda; suites de domínio/API reportadas separadamente,
DELETE,/v1/admin/webhooks/:endpointId,apps/api/src/admin/webhooks.controller.ts,88,WebhooksController,StaffGuard;PermissaoGuard,'team.manage',,Sem credencial,401,EVIDENCIAS_PRE_GO_LIVE/rotas-anonimas.csv,Não inferir cobertura de fluxo a partir desta sonda; suites de domínio/API reportadas separadamente,
GET,/v1/admin/whatsapp/cadastro,apps/api/src/admin/whatsapp.controller.ts,149,WhatsAppController,StaffGuard;PermissaoGuard,'whatsapp.manage',,Sem credencial,401,EVIDENCIAS_PRE_GO_LIVE/rotas-anonimas.csv,Não inferir cobertura de fluxo a partir desta sonda; suites de domínio/API reportadas separadamente,
PUT,/v1/admin/whatsapp/cadastro,apps/api/src/admin/whatsapp.controller.ts,156,WhatsAppController,StaffGuard;PermissaoGuard,'whatsapp.manage',,Sem credencial,401,EVIDENCIAS_PRE_GO_LIVE/rotas-anonimas.csv,Não inferir cobertura de fluxo a partir desta sonda; suites de domínio/API reportadas separadamente,
GET,/v1/admin/whatsapp/signup,apps/api/src/admin/whatsapp.controller.ts,194,WhatsAppController,StaffGuard;PermissaoGuard,'whatsapp.manage',,Sem credencial,401,EVIDENCIAS_PRE_GO_LIVE/rotas-anonimas.csv,Não inferir cobertura de fluxo a partir desta sonda; suites de domínio/API reportadas separadamente,
POST,/v1/admin/whatsapp/conectar,apps/api/src/admin/whatsapp.controller.ts,225,WhatsAppController,StaffGuard;PermissaoGuard,'whatsapp.manage',,Sem credencial,401,EVIDENCIAS_PRE_GO_LIVE/rotas-anonimas.csv,Não inferir cobertura de fluxo a partir desta sonda; suites de domínio/API reportadas separadamente,
POST,/v1/admin/whatsapp/mensagem,apps/api/src/admin/whatsapp.controller.ts,273,WhatsAppController,StaffGuard;PermissaoGuard,'marketing.send',,Sem credencial,401,EVIDENCIAS_PRE_GO_LIVE/rotas-anonimas.csv,Não inferir cobertura de fluxo a partir desta sonda; suites de domínio/API reportadas separadamente,
POST,/v1/admin/whatsapp/conciliar,apps/api/src/admin/whatsapp.controller.ts,355,WhatsAppController,StaffGuard;PermissaoGuard,'whatsapp.manage',,Sem credencial,401,EVIDENCIAS_PRE_GO_LIVE/rotas-anonimas.csv,Não inferir cobertura de fluxo a partir desta sonda; suites de domínio/API reportadas separadamente,
GET,/v1/admin/whatsapp/templates,apps/api/src/admin/whatsapp.controller.ts,366,WhatsAppController,StaffGuard;PermissaoGuard,'whatsapp.manage',,Sem credencial,401,EVIDENCIAS_PRE_GO_LIVE/rotas-anonimas.csv,Não inferir cobertura de fluxo a partir desta sonda; suites de domínio/API reportadas separadamente,
POST,/v1/admin/whatsapp/templates,apps/api/src/admin/whatsapp.controller.ts,373,WhatsAppController,StaffGuard;PermissaoGuard,'whatsapp.manage',,Sem credencial,401,EVIDENCIAS_PRE_GO_LIVE/rotas-anonimas.csv,Não inferir cobertura de fluxo a partir desta sonda; suites de domínio/API reportadas separadamente,
POST,/v1/b/:slug/auth/otp,apps/api/src/auth/auth.controller.ts,61,AuthController,,,,Sem parâmetros/payload mínimo; saúde e catálogo público permitem leitura,400,EVIDENCIAS_PRE_GO_LIVE/rotas-publicas.csv,Não inferir cobertura de fluxo a partir desta sonda; suites de domínio/API reportadas separadamente,
POST,/v1/b/:slug/auth/verify,apps/api/src/auth/auth.controller.ts,82,AuthController,,,,Sem parâmetros/payload mínimo; saúde e catálogo público permitem leitura,400,EVIDENCIAS_PRE_GO_LIVE/rotas-publicas.csv,Não inferir cobertura de fluxo a partir desta sonda; suites de domínio/API reportadas separadamente,
POST,/v1/b/:slug/auth/logout,apps/api/src/auth/auth.controller.ts,120,SessionController,CustomerGuard,,,Sem credencial,401,EVIDENCIAS_PRE_GO_LIVE/rotas-anonimas.csv,Não inferir cobertura de fluxo a partir desta sonda; suites de domínio/API reportadas separadamente,
GET,/v1/b/:slug/auth/consentimento,apps/api/src/auth/auth.controller.ts,158,SessionController,CustomerGuard,,,Sem credencial,401,EVIDENCIAS_PRE_GO_LIVE/rotas-anonimas.csv,Não inferir cobertura de fluxo a partir desta sonda; suites de domínio/API reportadas separadamente,
PUT,/v1/b/:slug/auth/consentimento,apps/api/src/auth/auth.controller.ts,172,SessionController,CustomerGuard,,,Sem credencial,401,EVIDENCIAS_PRE_GO_LIVE/rotas-anonimas.csv,Não inferir cobertura de fluxo a partir desta sonda; suites de domínio/API reportadas separadamente,
POST,/v1/b/:slug/auth/pedido-de-dados,apps/api/src/auth/auth.controller.ts,223,SessionController,CustomerGuard,,,Sem credencial,401,EVIDENCIAS_PRE_GO_LIVE/rotas-anonimas.csv,Não inferir cobertura de fluxo a partir desta sonda; suites de domínio/API reportadas separadamente,
POST,/v1/b/:slug/agente,apps/api/src/booking/agente.controller.ts,58,AgenteController,,,,Sem parâmetros/payload mínimo; saúde e catálogo público permitem leitura,400,EVIDENCIAS_PRE_GO_LIVE/rotas-publicas.csv,Não inferir cobertura de fluxo a partir desta sonda; suites de domínio/API reportadas separadamente,
POST,/v1/b/:slug/agente/meu,apps/api/src/booking/agente.controller.ts,254,AgenteDoClienteController,CustomerGuard,,,Sem credencial,401,EVIDENCIAS_PRE_GO_LIVE/rotas-anonimas.csv,Não inferir cobertura de fluxo a partir desta sonda; suites de domínio/API reportadas separadamente,
POST,/v1/b/:slug/appointments,apps/api/src/booking/appointments.controller.ts,88,GuestAppointmentsController,,,,Sem parâmetros/payload mínimo; saúde e catálogo público permitem leitura,400,EVIDENCIAS_PRE_GO_LIVE/rotas-publicas.csv,Não inferir cobertura de fluxo a partir desta sonda; suites de domínio/API reportadas separadamente,
GET,/v1/b/:slug/appointments/:id,apps/api/src/booking/appointments.controller.ts,164,GuestAppointmentsController,,,,Sem parâmetros/payload mínimo; saúde e catálogo público permitem leitura,404,EVIDENCIAS_PRE_GO_LIVE/rotas-publicas.csv,Não inferir cobertura de fluxo a partir desta sonda; suites de domínio/API reportadas separadamente,
GET,/v1/b/:slug/appointments,apps/api/src/booking/appointments.controller.ts,236,AppointmentsController,CustomerGuard,,,Sem credencial,401,EVIDENCIAS_PRE_GO_LIVE/rotas-anonimas.csv,Não inferir cobertura de fluxo a partir desta sonda; suites de domínio/API reportadas separadamente,
POST,/v1/b/:slug/appointments/:id/cancel,apps/api/src/booking/appointments.controller.ts,245,AppointmentsController,CustomerGuard,,,Sem credencial,401,EVIDENCIAS_PRE_GO_LIVE/rotas-anonimas.csv,Não inferir cobertura de fluxo a partir desta sonda; suites de domínio/API reportadas separadamente,
GET,/v1/b/:slug/appointments/:id/availability,apps/api/src/booking/appointments.controller.ts,277,AppointmentsController,CustomerGuard,,,Sem credencial,401,EVIDENCIAS_PRE_GO_LIVE/rotas-anonimas.csv,Não inferir cobertura de fluxo a partir desta sonda; suites de domínio/API reportadas separadamente,
POST,/v1/b/:slug/appointments/:id/reschedule,apps/api/src/booking/appointments.controller.ts,333,AppointmentsController,CustomerGuard,,,Sem credencial,401,EVIDENCIAS_PRE_GO_LIVE/rotas-anonimas.csv,Não inferir cobertura de fluxo a partir desta sonda; suites de domínio/API reportadas separadamente,
GET,/v1/b/:slug/plano,apps/api/src/booking/assinatura.controller.ts,48,AssinaturaDoClienteController,CustomerGuard,,,Sem credencial,401,EVIDENCIAS_PRE_GO_LIVE/rotas-anonimas.csv,Não inferir cobertura de fluxo a partir desta sonda; suites de domínio/API reportadas separadamente,
POST,/v1/b/:slug/plano/cancelar,apps/api/src/booking/assinatura.controller.ts,57,AssinaturaDoClienteController,CustomerGuard,,,Sem credencial,401,EVIDENCIAS_PRE_GO_LIVE/rotas-anonimas.csv,Não inferir cobertura de fluxo a partir desta sonda; suites de domínio/API reportadas separadamente,
POST,/v1/b/:slug/plano/manter,apps/api/src/booking/assinatura.controller.ts,89,AssinaturaDoClienteController,CustomerGuard,,,Sem credencial,401,EVIDENCIAS_PRE_GO_LIVE/rotas-anonimas.csv,Não inferir cobertura de fluxo a partir desta sonda; suites de domínio/API reportadas separadamente,
GET,/v1/b/:slug/reviews/pendentes,apps/api/src/booking/avaliacao.controller.ts,30,AvaliacaoDoClienteController,CustomerGuard,,,Sem credencial,401,EVIDENCIAS_PRE_GO_LIVE/rotas-anonimas.csv,Não inferir cobertura de fluxo a partir desta sonda; suites de domínio/API reportadas separadamente,
POST,/v1/b/:slug/reviews,apps/api/src/booking/avaliacao.controller.ts,38,AvaliacaoDoClienteController,CustomerGuard,,,Sem credencial,401,EVIDENCIAS_PRE_GO_LIVE/rotas-anonimas.csv,Não inferir cobertura de fluxo a partir desta sonda; suites de domínio/API reportadas separadamente,
GET,/v1/b/:slug,apps/api/src/booking/booking.controller.ts,29,BookingController,,,,Sem parâmetros/payload mínimo; saúde e catálogo público permitem leitura,404,EVIDENCIAS_PRE_GO_LIVE/rotas-publicas.csv,Não inferir cobertura de fluxo a partir desta sonda; suites de domínio/API reportadas separadamente,AUD-10
GET,/v1/b/:slug/avaliacoes,apps/api/src/booking/booking.controller.ts,50,BookingController,,,,Sem parâmetros/payload mínimo; saúde e catálogo público permitem leitura,404,EVIDENCIAS_PRE_GO_LIVE/rotas-publicas.csv,Não inferir cobertura de fluxo a partir desta sonda; suites de domínio/API reportadas separadamente,AUD-10
GET,/v1/b/:slug/b/:barbeiro,apps/api/src/booking/booking.controller.ts,70,BookingController,,,,Sem parâmetros/payload mínimo; saúde e catálogo público permitem leitura,404,EVIDENCIAS_PRE_GO_LIVE/rotas-publicas.csv,Não inferir cobertura de fluxo a partir desta sonda; suites de domínio/API reportadas separadamente,AUD-10
GET,/v1/b/:slug/availability,apps/api/src/booking/booking.controller.ts,95,BookingController,,,,Sem parâmetros/payload mínimo; saúde e catálogo público permitem leitura,400,EVIDENCIAS_PRE_GO_LIVE/rotas-publicas.csv,Não inferir cobertura de fluxo a partir desta sonda; suites de domínio/API reportadas separadamente,AUD-10
POST,/v1/b/:slug/waitlist,apps/api/src/booking/espera.controller.ts,113,EsperaPublicaController,,,,Sem parâmetros/payload mínimo; saúde e catálogo público permitem leitura,400,EVIDENCIAS_PRE_GO_LIVE/rotas-publicas.csv,Não inferir cobertura de fluxo a partir desta sonda; suites de domínio/API reportadas separadamente,
GET,/v1/b/:slug/waitlist,apps/api/src/booking/espera.controller.ts,248,EsperaDoClienteController,CustomerGuard,,,Sem credencial,401,EVIDENCIAS_PRE_GO_LIVE/rotas-anonimas.csv,Não inferir cobertura de fluxo a partir desta sonda; suites de domínio/API reportadas separadamente,
POST,/v1/b/:slug/waitlist/:id/accept,apps/api/src/booking/espera.controller.ts,269,EsperaDoClienteController,CustomerGuard,,,Sem credencial,401,EVIDENCIAS_PRE_GO_LIVE/rotas-anonimas.csv,Não inferir cobertura de fluxo a partir desta sonda; suites de domínio/API reportadas separadamente,
DELETE,/v1/b/:slug/waitlist/:id,apps/api/src/booking/espera.controller.ts,287,EsperaDoClienteController,CustomerGuard,,,Sem credencial,401,EVIDENCIAS_PRE_GO_LIVE/rotas-anonimas.csv,Não inferir cobertura de fluxo a partir desta sonda; suites de domínio/API reportadas separadamente,
GET,/v1/b/:slug/loyalty,apps/api/src/booking/fidelidade.controller.ts,26,FidelidadeDoClienteController,CustomerGuard,,,Sem credencial,401,EVIDENCIAS_PRE_GO_LIVE/rotas-anonimas.csv,Não inferir cobertura de fluxo a partir desta sonda; suites de domínio/API reportadas separadamente,
GET,/v1/b/:slug/queue/:token,apps/api/src/booking/fila-publica.controller.ts,25,FilaPublicaController,,,,Sem parâmetros/payload mínimo; saúde e catálogo público permitem leitura,404,EVIDENCIAS_PRE_GO_LIVE/rotas-publicas.csv,Não inferir cobertura de fluxo a partir desta sonda; suites de domínio/API reportadas separadamente,
GET,/v1/b/:slug/offer/:token,apps/api/src/booking/oferta.controller.ts,105,OfertaPublicaController,,,,Sem parâmetros/payload mínimo; saúde e catálogo público permitem leitura,404,EVIDENCIAS_PRE_GO_LIVE/rotas-publicas.csv,Não inferir cobertura de fluxo a partir desta sonda; suites de domínio/API reportadas separadamente,
POST,/v1/b/:slug/offer/:token/accept,apps/api/src/booking/oferta.controller.ts,115,OfertaPublicaController,,,,Sem parâmetros/payload mínimo; saúde e catálogo público permitem leitura,404,EVIDENCIAS_PRE_GO_LIVE/rotas-publicas.csv,Não inferir cobertura de fluxo a partir desta sonda; suites de domínio/API reportadas separadamente,
GET,/v1/b/:slug/packages,apps/api/src/booking/pacote.controller.ts,25,PacoteDoClienteController,CustomerGuard,,,Sem credencial,401,EVIDENCIAS_PRE_GO_LIVE/rotas-anonimas.csv,Não inferir cobertura de fluxo a partir desta sonda; suites de domínio/API reportadas separadamente,
POST,/v1/b/:slug/feedback,apps/api/src/booking/recado.controller.ts,47,RecadoPublicoController,,,,Sem parâmetros/payload mínimo; saúde e catálogo público permitem leitura,400,EVIDENCIAS_PRE_GO_LIVE/rotas-publicas.csv,Não inferir cobertura de fluxo a partir desta sonda; suites de domínio/API reportadas separadamente,
GET,/v1/marketplace/cidades,apps/api/src/booking/vitrine.controller.ts,52,VitrineController,,,,Sem parâmetros/payload mínimo; saúde e catálogo público permitem leitura,200,EVIDENCIAS_PRE_GO_LIVE/rotas-publicas.csv,Não inferir cobertura de fluxo a partir desta sonda; suites de domínio/API reportadas separadamente,
GET,/v1/marketplace/busca,apps/api/src/booking/vitrine.controller.ts,57,VitrineController,,,,Sem parâmetros/payload mínimo; saúde e catálogo público permitem leitura,400,EVIDENCIAS_PRE_GO_LIVE/rotas-publicas.csv,Não inferir cobertura de fluxo a partir desta sonda; suites de domínio/API reportadas separadamente,
GET,/health,apps/api/src/common/health.controller.ts,89,HealthController,,,,Sem parâmetros/payload mínimo; saúde e catálogo público permitem leitura,200,EVIDENCIAS_PRE_GO_LIVE/rotas-publicas.csv,Não inferir cobertura de fluxo a partir desta sonda; suites de domínio/API reportadas separadamente,
GET,/health/pronto,apps/api/src/common/health.controller.ts,94,HealthController,,,,Sem parâmetros/payload mínimo; saúde e catálogo público permitem leitura,200,EVIDENCIAS_PRE_GO_LIVE/rotas-publicas.csv,Não inferir cobertura de fluxo a partir desta sonda; suites de domínio/API reportadas separadamente,
GET,/media/:tenantId/:arquivo,apps/api/src/media/media.controller.ts,19,MediaController,,,,Sem parâmetros/payload mínimo; saúde e catálogo público permitem leitura,400,EVIDENCIAS_PRE_GO_LIVE/rotas-publicas.csv,Não inferir cobertura de fluxo a partir desta sonda; suites de domínio/API reportadas separadamente,
POST,/v1/plataforma/login,apps/api/src/plataforma/plataforma.controller.ts,211,PlataformaAuthController,,,,Sem parâmetros/payload mínimo; saúde e catálogo público permitem leitura,400,EVIDENCIAS_PRE_GO_LIVE/rotas-publicas.csv,Não inferir cobertura de fluxo a partir desta sonda; suites de domínio/API reportadas separadamente,
POST,/v1/plataforma/logout,apps/api/src/plataforma/plataforma.controller.ts,256,PlataformaController,PlataformaGuard,,,Sem credencial,401,EVIDENCIAS_PRE_GO_LIVE/rotas-anonimas.csv,Não inferir cobertura de fluxo a partir desta sonda; suites de domínio/API reportadas separadamente,
GET,/v1/plataforma/planos,apps/api/src/plataforma/plataforma.controller.ts,265,PlataformaController,PlataformaGuard,,,Sem credencial,401,EVIDENCIAS_PRE_GO_LIVE/rotas-anonimas.csv,Não inferir cobertura de fluxo a partir desta sonda; suites de domínio/API reportadas separadamente,
GET,/v1/plataforma/barbearias,apps/api/src/plataforma/plataforma.controller.ts,270,PlataformaController,PlataformaGuard,,,Sem credencial,401,EVIDENCIAS_PRE_GO_LIVE/rotas-anonimas.csv,Não inferir cobertura de fluxo a partir desta sonda; suites de domínio/API reportadas separadamente,
PUT,/v1/plataforma/barbearias/:tenantId/plano,apps/api/src/plataforma/plataforma.controller.ts,294,PlataformaController,PlataformaGuard,,,Sem credencial,401,EVIDENCIAS_PRE_GO_LIVE/rotas-anonimas.csv,Não inferir cobertura de fluxo a partir desta sonda; suites de domínio/API reportadas separadamente,
GET,/v1/plataforma/assinaturas,apps/api/src/plataforma/plataforma.controller.ts,311,PlataformaController,PlataformaGuard,,,Sem credencial,401,EVIDENCIAS_PRE_GO_LIVE/rotas-anonimas.csv,Não inferir cobertura de fluxo a partir desta sonda; suites de domínio/API reportadas separadamente,
GET,/v1/plataforma/barbearias/:tenantId/assinatura,apps/api/src/plataforma/plataforma.controller.ts,317,PlataformaController,PlataformaGuard,,,Sem credencial,401,EVIDENCIAS_PRE_GO_LIVE/rotas-anonimas.csv,Não inferir cobertura de fluxo a partir desta sonda; suites de domínio/API reportadas separadamente,
POST,/v1/plataforma/barbearias/:tenantId/cancelamento,apps/api/src/plataforma/plataforma.controller.ts,326,PlataformaController,PlataformaGuard,,,Sem credencial,401,EVIDENCIAS_PRE_GO_LIVE/rotas-anonimas.csv,Não inferir cobertura de fluxo a partir desta sonda; suites de domínio/API reportadas separadamente,
DELETE,/v1/plataforma/barbearias/:tenantId/cancelamento,apps/api/src/plataforma/plataforma.controller.ts,341,PlataformaController,PlataformaGuard,,,Sem credencial,401,EVIDENCIAS_PRE_GO_LIVE/rotas-anonimas.csv,Não inferir cobertura de fluxo a partir desta sonda; suites de domínio/API reportadas separadamente,
GET,/v1/plataforma/faturas,apps/api/src/plataforma/plataforma.controller.ts,358,PlataformaController,PlataformaGuard,,,Sem credencial,401,EVIDENCIAS_PRE_GO_LIVE/rotas-anonimas.csv,Não inferir cobertura de fluxo a partir desta sonda; suites de domínio/API reportadas separadamente,
GET,/v1/plataforma/barbearias/:tenantId/faturas,apps/api/src/plataforma/plataforma.controller.ts,364,PlataformaController,PlataformaGuard,,,Sem credencial,401,EVIDENCIAS_PRE_GO_LIVE/rotas-anonimas.csv,Não inferir cobertura de fluxo a partir desta sonda; suites de domínio/API reportadas separadamente,
POST,/v1/plataforma/faturas/:faturaId/pagamento,apps/api/src/plataforma/plataforma.controller.ts,378,PlataformaController,PlataformaGuard,,,Sem credencial,401,EVIDENCIAS_PRE_GO_LIVE/rotas-anonimas.csv,Não inferir cobertura de fluxo a partir desta sonda; suites de domínio/API reportadas separadamente,
DELETE,/v1/plataforma/faturas/:faturaId,apps/api/src/plataforma/plataforma.controller.ts,397,PlataformaController,PlataformaGuard,,,Sem credencial,401,EVIDENCIAS_PRE_GO_LIVE/rotas-anonimas.csv,Não inferir cobertura de fluxo a partir desta sonda; suites de domínio/API reportadas separadamente,
GET,/v1/plataforma/barbearias/:tenantId/cobranca,apps/api/src/plataforma/plataforma.controller.ts,423,PlataformaController,PlataformaGuard,,,Sem credencial,401,EVIDENCIAS_PRE_GO_LIVE/rotas-anonimas.csv,Não inferir cobertura de fluxo a partir desta sonda; suites de domínio/API reportadas separadamente,
GET,/v1/plataforma/franquias,apps/api/src/plataforma/plataforma.controller.ts,454,PlataformaController,PlataformaGuard,,,Sem credencial,401,EVIDENCIAS_PRE_GO_LIVE/rotas-anonimas.csv,Não inferir cobertura de fluxo a partir desta sonda; suites de domínio/API reportadas separadamente,
GET,/v1/plataforma/franquias/:franquiaId/casas,apps/api/src/plataforma/plataforma.controller.ts,459,PlataformaController,PlataformaGuard,,,Sem credencial,401,EVIDENCIAS_PRE_GO_LIVE/rotas-anonimas.csv,Não inferir cobertura de fluxo a partir desta sonda; suites de domínio/API reportadas separadamente,
POST,/v1/plataforma/franquias,apps/api/src/plataforma/plataforma.controller.ts,471,PlataformaController,PlataformaGuard,,,Sem credencial,401,EVIDENCIAS_PRE_GO_LIVE/rotas-anonimas.csv,Não inferir cobertura de fluxo a partir desta sonda; suites de domínio/API reportadas separadamente,
POST,/v1/plataforma/franquias/:franquiaId/casas,apps/api/src/plataforma/plataforma.controller.ts,495,PlataformaController,PlataformaGuard,,,Sem credencial,401,EVIDENCIAS_PRE_GO_LIVE/rotas-anonimas.csv,Não inferir cobertura de fluxo a partir desta sonda; suites de domínio/API reportadas separadamente,
DELETE,/v1/plataforma/franquias/casas/:tenantId,apps/api/src/plataforma/plataforma.controller.ts,510,PlataformaController,PlataformaGuard,,,Sem credencial,401,EVIDENCIAS_PRE_GO_LIVE/rotas-anonimas.csv,Não inferir cobertura de fluxo a partir desta sonda; suites de domínio/API reportadas separadamente,
GET,/v1/plataforma/destaques,apps/api/src/plataforma/plataforma.controller.ts,531,PlataformaController,PlataformaGuard,,,Sem credencial,401,EVIDENCIAS_PRE_GO_LIVE/rotas-anonimas.csv,Não inferir cobertura de fluxo a partir desta sonda; suites de domínio/API reportadas separadamente,
POST,/v1/plataforma/barbearias/:tenantId/destaques,apps/api/src/plataforma/plataforma.controller.ts,542,PlataformaController,PlataformaGuard,,,Sem credencial,401,EVIDENCIAS_PRE_GO_LIVE/rotas-anonimas.csv,Não inferir cobertura de fluxo a partir desta sonda; suites de domínio/API reportadas separadamente,
POST,/v1/plataforma/destaques/:anuncioId/cancelamento,apps/api/src/plataforma/plataforma.controller.ts,568,PlataformaController,PlataformaGuard,,,Sem credencial,401,EVIDENCIAS_PRE_GO_LIVE/rotas-anonimas.csv,Não inferir cobertura de fluxo a partir desta sonda; suites de domínio/API reportadas separadamente,
GET,/v1/plataforma/contestacoes,apps/api/src/plataforma/plataforma.controller.ts,591,PlataformaController,PlataformaGuard,,,Sem credencial,401,EVIDENCIAS_PRE_GO_LIVE/rotas-anonimas.csv,Não inferir cobertura de fluxo a partir desta sonda; suites de domínio/API reportadas separadamente,
POST,/v1/plataforma/contestacoes/:atribuicaoId/reversao,apps/api/src/plataforma/plataforma.controller.ts,596,PlataformaController,PlataformaGuard,,,Sem credencial,401,EVIDENCIAS_PRE_GO_LIVE/rotas-anonimas.csv,Não inferir cobertura de fluxo a partir desta sonda; suites de domínio/API reportadas separadamente,
PUT,/v1/plataforma/barbearias/:tenantId/marketplace,apps/api/src/plataforma/plataforma.controller.ts,619,PlataformaController,PlataformaGuard,,,Sem credencial,401,EVIDENCIAS_PRE_GO_LIVE/rotas-anonimas.csv,Não inferir cobertura de fluxo a partir desta sonda; suites de domínio/API reportadas separadamente,
PUT,/v1/plataforma/barbearias/:tenantId/cobranca,apps/api/src/plataforma/plataforma.controller.ts,634,PlataformaController,PlataformaGuard,,,Sem credencial,401,EVIDENCIAS_PRE_GO_LIVE/rotas-anonimas.csv,Não inferir cobertura de fluxo a partir desta sonda; suites de domínio/API reportadas separadamente,
POST,/v1/plataforma/barbearias/:tenantId/estorno,apps/api/src/plataforma/plataforma.controller.ts,658,PlataformaController,PlataformaGuard,,,Sem credencial,401,EVIDENCIAS_PRE_GO_LIVE/rotas-anonimas.csv,Não inferir cobertura de fluxo a partir desta sonda; suites de domínio/API reportadas separadamente,
POST,/v1/plataforma/barbearias/:tenantId/bloqueio,apps/api/src/plataforma/plataforma.controller.ts,691,PlataformaController,PlataformaGuard,,,Sem credencial,401,EVIDENCIAS_PRE_GO_LIVE/rotas-anonimas.csv,Não inferir cobertura de fluxo a partir desta sonda; suites de domínio/API reportadas separadamente,
DELETE,/v1/plataforma/barbearias/:tenantId/bloqueio,apps/api/src/plataforma/plataforma.controller.ts,709,PlataformaController,PlataformaGuard,,,Sem credencial,401,EVIDENCIAS_PRE_GO_LIVE/rotas-anonimas.csv,Não inferir cobertura de fluxo a partir desta sonda; suites de domínio/API reportadas separadamente,
GET,/v1/plataforma/metricas,apps/api/src/plataforma/plataforma.controller.ts,724,PlataformaController,PlataformaGuard,,,Sem credencial,401,EVIDENCIAS_PRE_GO_LIVE/rotas-anonimas.csv,Não inferir cobertura de fluxo a partir desta sonda; suites de domínio/API reportadas separadamente,
GET,/v1/plataforma/linha-do-tempo,apps/api/src/plataforma/plataforma.controller.ts,737,PlataformaController,PlataformaGuard,,,Sem credencial,401,EVIDENCIAS_PRE_GO_LIVE/rotas-anonimas.csv,Não inferir cobertura de fluxo a partir desta sonda; suites de domínio/API reportadas separadamente,
GET,/v1/plataforma/saude,apps/api/src/plataforma/plataforma.controller.ts,742,PlataformaController,PlataformaGuard,,,Sem credencial,401,EVIDENCIAS_PRE_GO_LIVE/rotas-anonimas.csv,Não inferir cobertura de fluxo a partir desta sonda; suites de domínio/API reportadas separadamente,
GET,/v1/plataforma/mfa,apps/api/src/plataforma/plataforma.controller.ts,750,PlataformaController,PlataformaGuard,,,Sem credencial,401,EVIDENCIAS_PRE_GO_LIVE/rotas-anonimas.csv,Não inferir cobertura de fluxo a partir desta sonda; suites de domínio/API reportadas separadamente,
POST,/v1/plataforma/mfa,apps/api/src/plataforma/plataforma.controller.ts,758,PlataformaController,PlataformaGuard,,,Sem credencial,401,EVIDENCIAS_PRE_GO_LIVE/rotas-anonimas.csv,Não inferir cobertura de fluxo a partir desta sonda; suites de domínio/API reportadas separadamente,
POST,/v1/plataforma/mfa/confirmar,apps/api/src/plataforma/plataforma.controller.ts,780,PlataformaController,PlataformaGuard,,,Sem credencial,401,EVIDENCIAS_PRE_GO_LIVE/rotas-anonimas.csv,Não inferir cobertura de fluxo a partir desta sonda; suites de domínio/API reportadas separadamente,
POST,/v1/plataforma/mfa/provar,apps/api/src/plataforma/plataforma.controller.ts,793,PlataformaController,PlataformaGuard,,,Sem credencial,401,EVIDENCIAS_PRE_GO_LIVE/rotas-anonimas.csv,Não inferir cobertura de fluxo a partir desta sonda; suites de domínio/API reportadas separadamente,
GET,/v1/plataforma/recursos,apps/api/src/plataforma/plataforma.controller.ts,812,PlataformaController,PlataformaGuard,,,Sem credencial,401,EVIDENCIAS_PRE_GO_LIVE/rotas-anonimas.csv,Não inferir cobertura de fluxo a partir desta sonda; suites de domínio/API reportadas separadamente,
GET,/v1/plataforma/barbearias/:tenantId/recursos,apps/api/src/plataforma/plataforma.controller.ts,817,PlataformaController,PlataformaGuard,,,Sem credencial,401,EVIDENCIAS_PRE_GO_LIVE/rotas-anonimas.csv,Não inferir cobertura de fluxo a partir desta sonda; suites de domínio/API reportadas separadamente,
PUT,/v1/plataforma/barbearias/:tenantId/recursos,apps/api/src/plataforma/plataforma.controller.ts,824,PlataformaController,PlataformaGuard,,,Sem credencial,401,EVIDENCIAS_PRE_GO_LIVE/rotas-anonimas.csv,Não inferir cobertura de fluxo a partir desta sonda; suites de domínio/API reportadas separadamente,
GET,/v1/plataforma/suporte,apps/api/src/plataforma/plataforma.controller.ts,841,PlataformaController,PlataformaGuard,,,Sem credencial,401,EVIDENCIAS_PRE_GO_LIVE/rotas-anonimas.csv,Não inferir cobertura de fluxo a partir desta sonda; suites de domínio/API reportadas separadamente,
POST,/v1/plataforma/barbearias/:tenantId/suporte,apps/api/src/plataforma/plataforma.controller.ts,853,PlataformaController,PlataformaGuard,,,Sem credencial,401,EVIDENCIAS_PRE_GO_LIVE/rotas-anonimas.csv,Não inferir cobertura de fluxo a partir desta sonda; suites de domínio/API reportadas separadamente,
DELETE,/v1/plataforma/barbearias/:tenantId/suporte,apps/api/src/plataforma/plataforma.controller.ts,880,PlataformaController,PlataformaGuard,,,Sem credencial,401,EVIDENCIAS_PRE_GO_LIVE/rotas-anonimas.csv,Não inferir cobertura de fluxo a partir desta sonda; suites de domínio/API reportadas separadamente,
GET,/v1/plataforma/trilha,apps/api/src/plataforma/plataforma.controller.ts,898,PlataformaController,PlataformaGuard,,,Sem credencial,401,EVIDENCIAS_PRE_GO_LIVE/rotas-anonimas.csv,Não inferir cobertura de fluxo a partir desta sonda; suites de domínio/API reportadas separadamente,
POST,/v1/webhooks/stripe,apps/api/src/plataforma/stripe-webhook.controller.ts,101,StripeWebhookController,,,,Sem parâmetros/payload mínimo; saúde e catálogo público permitem leitura,400,EVIDENCIAS_PRE_GO_LIVE/rotas-publicas.csv,Não inferir cobertura de fluxo a partir desta sonda; suites de domínio/API reportadas separadamente,
POST,/v1/webhooks/psp,apps/api/src/plataforma/webhook.controller.ts,69,WebhookDoPspController,,,,Sem parâmetros/payload mínimo; saúde e catálogo público permitem leitura,400,EVIDENCIAS_PRE_GO_LIVE/rotas-publicas.csv,Não inferir cobertura de fluxo a partir desta sonda; suites de domínio/API reportadas separadamente,
GET,/v1/webhooks/whatsapp,apps/api/src/plataforma/whatsapp-webhook.controller.ts,148,WhatsAppWebhookController,,,,Sem parâmetros/payload mínimo; saúde e catálogo público permitem leitura,400,EVIDENCIAS_PRE_GO_LIVE/rotas-publicas.csv,Não inferir cobertura de fluxo a partir desta sonda; suites de domínio/API reportadas separadamente,
POST,/v1/webhooks/whatsapp,apps/api/src/plataforma/whatsapp-webhook.controller.ts,161,WhatsAppWebhookController,,,,Sem parâmetros/payload mínimo; saúde e catálogo público permitem leitura,400,EVIDENCIAS_PRE_GO_LIVE/rotas-publicas.csv,Não inferir cobertura de fluxo a partir desta sonda; suites de domínio/API reportadas separadamente,
GET,/v1/publica/barbearia,apps/api/src/publica/publica.controller.ts,53,PublicaController,ChaveGuard,,,Sem credencial,401,EVIDENCIAS_PRE_GO_LIVE/rotas-anonimas.csv,Não inferir cobertura de fluxo a partir desta sonda; suites de domínio/API reportadas separadamente,
GET,/v1/publica/servicos,apps/api/src/publica/publica.controller.ts,72,PublicaController,ChaveGuard,,,Sem credencial,401,EVIDENCIAS_PRE_GO_LIVE/rotas-anonimas.csv,Não inferir cobertura de fluxo a partir desta sonda; suites de domínio/API reportadas separadamente,
GET,/v1/publica/disponibilidade,apps/api/src/publica/publica.controller.ts,97,PublicaController,ChaveGuard,,,Sem credencial,401,EVIDENCIAS_PRE_GO_LIVE/rotas-anonimas.csv,Não inferir cobertura de fluxo a partir desta sonda; suites de domínio/API reportadas separadamente,
POST,/v1/publica/agendamentos,apps/api/src/publica/publica.controller.ts,132,PublicaController,ChaveGuard,,,Sem credencial,401,EVIDENCIAS_PRE_GO_LIVE/rotas-anonimas.csv,Não inferir cobertura de fluxo a partir desta sonda; suites de domínio/API reportadas separadamente,
